{
"type": "FeatureCollection",
"name": "brazil_states",
"crs": { "type": "name", "properties": { "name": "urn:ogc:def:crs:OGC:1.3:CRS84" } },
"features": [
{ "type": "Feature", "properties": { "shapeName": "Roraima", "shapeISO": "BR-RR", "shapeID": "14911670B45290909693812", "shapeGroup": "BRA", "shapeType": "ADM1", "region": "North" }, "geometry": { "type": "Polygon", "coordinates": [ [ [ -60.018789227999946, 0.249984785000038 ], [ -58.883995715999959, 0.255407651000041 ], [ -58.877699341884146, 1.178246167399784 ], [ -58.923436674999948, 1.315650798000036 ], [ -59.059986932999948, 1.325883869000052 ], [ -59.081207406999965, 1.353681288000075 ], [ -59.109636052999974, 1.350824426000031 ], [ -59.143857530999981, 1.396338418000028 ], [ -59.223166954999954, 1.385827017000054 ], [ -59.333323168999982, 1.53009822000007 ], [ -59.436692659999949, 1.543773840000028 ], [ -59.451388424999948, 1.607366236000075 ], [ -59.496868755999969, 1.625024846000031 ], [ -59.486934668999936, 1.670112526000025 ], [ -59.498839844999964, 1.696022652000067 ], [ -59.567336998999963, 1.717131940000058 ], [ -59.57397234299998, 1.746749332000036 ], [ -59.634312251999972, 1.76179260400005 ], [ -59.643412657999932, 1.857592718000035 ], [ -59.686767659999987, 1.87308444100006 ], [ -59.696838027999945, 1.893744509000044 ], [ -59.699287638999976, 2.28300650500006 ], [ -59.716794337999943, 2.296419290000074 ], [ -59.803648360999944, 2.301995020000049 ], [ -59.822145020999983, 2.348174614000072 ], [ -59.86839066999994, 2.365435759000036 ], [ -59.892002002999959, 2.419810192000057 ], [ -59.876705218999973, 2.499348691000023 ], [ -59.926398032999941, 2.522253984000031 ], [ -59.954240892999962, 2.652635589000056 ], [ -59.981060473999946, 2.677330913000048 ], [ -59.966659915999969, 2.811225676000049 ], [ -59.982876002999944, 2.881823424000061 ], [ -59.952565546999949, 2.953459896000027 ], [ -59.949406984999939, 3.07849274900002 ], [ -59.879861593999976, 3.12025533800005 ], [ -59.869732639999938, 3.201396673000033 ], [ -59.835329619999982, 3.251363717000061 ], [ -59.832700822999982, 3.403691517000027 ], [ -59.815424231999941, 3.457343797000021 ], [ -59.847891747999938, 3.496445025000071 ], [ -59.846734637999987, 3.516825837000056 ], [ -59.830648966999945, 3.538047449000032 ], [ -59.782703979999951, 3.551967783000066 ], [ -59.723953148999954, 3.610244865000027 ], [ -59.711809550999988, 3.670446209000033 ], [ -59.663004118999936, 3.691202435000037 ], [ -59.615991269999938, 3.752335084000038 ], [ -59.596142176999933, 3.806675910000024 ], [ -59.533348821999937, 3.876635969000063 ], [ -59.522578836999969, 3.914256263000027 ], [ -59.534051112999975, 3.937328852000064 ], [ -59.589704001999962, 3.95840286400005 ], [ -59.634061022999958, 4.002267152000059 ], [ -59.621744300999978, 4.096494739000036 ], [ -59.686210787999983, 4.158632888000056 ], [ -59.700029967999967, 4.215472551000062 ], [ -59.647455003999937, 4.261712163000027 ], [ -59.636318102999951, 4.318074946000024 ], [ -59.684618710999985, 4.355280317000052 ], [ -59.707512884999971, 4.407699489000038 ], [ -59.761175974999958, 4.382834108000054 ], [ -59.893711785999983, 4.383190416000048 ], [ -59.939960091999978, 4.455949086000032 ], [ -60.073728990999939, 4.461395215000039 ], [ -60.104476274999968, 4.487885194000057 ], [ -60.100836596999955, 4.529990109000039 ], [ -59.994901906999985, 4.586287761000051 ], [ -60.003282332999959, 4.702555893000067 ], [ -59.990398457999959, 4.758358563000058 ], [ -60.008584701999951, 4.815426264000052 ], [ -60.012688353999977, 5.03007440500005 ], [ -60.060373008999932, 5.050611925000055 ], [ -60.134425384999986, 5.171288875000073 ], [ -60.233670429999961, 5.159448629000053 ], [ -60.311482054999942, 5.172603853000055 ], [ -60.334842937999952, 5.143952905000049 ], [ -60.448588086999962, 5.126516557000059 ], [ -60.546709748999945, 5.14432542000003 ], [ -60.595230003999973, 5.177862383000047 ], [ -60.722492766999949, 5.174709308000047 ], [ -60.728757239999936, 5.130267257000071 ], [ -60.660683767999956, 5.071846992000076 ], [ -60.649729968999964, 4.97481818600005 ], [ -60.598883540999964, 4.935093100000074 ], [ -60.59775680499996, 4.881598846000031 ], [ -60.628717475999963, 4.857062725000048 ], [ -60.638719626999944, 4.801006692000044 ], [ -60.665217797999958, 4.78256899400003 ], [ -60.68314395799996, 4.73657558900004 ], [ -60.785446498999931, 4.695481854000036 ], [ -60.892167301999962, 4.690429081000048 ], [ -60.932952169999965, 4.64092542700007 ], [ -60.978348700999959, 4.627824424000039 ], [ -60.995160067999961, 4.482708947000049 ], [ -61.195172512999932, 4.480014235000056 ], [ -61.229964373999962, 4.513432336000051 ], [ -61.260173802999986, 4.517036356000062 ], [ -61.294530144999953, 4.485704931000043 ], [ -61.269001525999954, 4.443432533000021 ], [ -61.463176060999956, 4.435989046000032 ], [ -61.485634622999953, 4.394243101000029 ], [ -61.478313195999988, 4.353257522000035 ], [ -61.528395600999943, 4.327705969000021 ], [ -61.538150884999936, 4.252111204000073 ], [ -61.751496035999935, 4.243015212000046 ], [ -61.788050737999981, 4.17538044500003 ], [ -61.862859232999938, 4.128069725000046 ], [ -62.012551791999954, 4.120959016000029 ], [ -62.067153994999956, 4.097874153000021 ], [ -62.184391691999963, 4.083905494000021 ], [ -62.285036889999958, 4.124342581000064 ], [ -62.396591841999964, 4.132229317000053 ], [ -62.45984462399997, 4.110649197000043 ], [ -62.500767794999945, 4.122969003000037 ], [ -62.538944424999954, 4.10244271800002 ], [ -62.561244808999959, 4.053386432000025 ], [ -62.728533827999968, 4.047796797000046 ], [ -62.749026451999953, 4.00010399100006 ], [ -62.797501067999974, 3.967927598000074 ], [ -62.808465860999945, 3.938634499000045 ], [ -62.775795505999952, 3.865470056000049 ], [ -62.725107537999975, 3.82791786100006 ], [ -62.725358333999964, 3.769303419000039 ], [ -62.79184117899996, 3.753751694000073 ], [ -62.827440856999942, 3.726083162000066 ], [ -62.872000488999959, 3.729413770000065 ], [ -62.908172524999941, 3.62425995500007 ], [ -62.934548319999976, 3.603565394000043 ], [ -62.969611890999943, 3.607520151000074 ], [ -63.024782503999973, 3.666268529000035 ], [ -63.081505611999944, 3.831350288000067 ], [ -63.15982160599998, 3.841307979000021 ], [ -63.178089894999971, 3.887700083000027 ], [ -63.262109165999959, 3.941300148000039 ], [ -63.280548799999963, 4.02197753400003 ], [ -63.348117835999972, 3.972312783000064 ], [ -63.408320850999985, 4.007651622000026 ], [ -63.458066801999962, 3.951299005000067 ], [ -63.49588584199995, 3.939861145000066 ], [ -63.611887507999938, 3.942421861000071 ], [ -63.629630132999978, 3.961216947000025 ], [ -63.626744016999965, 3.988780486000053 ], [ -63.652247280999973, 4.007923220000066 ], [ -63.730590494999944, 3.960715673000038 ], [ -63.971085302999938, 3.948236380000026 ], [ -64.062019047999968, 3.998487408000074 ], [ -64.080835822999973, 4.106619602000023 ], [ -64.253987378999966, 4.122584937000056 ], [ -64.284851318999984, 4.112442265000027 ], [ -64.343265408999969, 4.128528115000051 ], [ -64.550169033999964, 4.104746052000053 ], [ -64.604569599999934, 4.202247567000029 ], [ -64.727148314999965, 4.263315156000033 ], [ -64.803534844999945, 4.258777690000045 ], [ -64.804816951999953, 4.153648254000075 ], [ -64.738939176999963, 4.12170646200002 ], [ -64.726269245999958, 4.037146206000045 ], [ -64.617446288999986, 3.911866601000042 ], [ -64.563394805999963, 3.887826732000065 ], [ -64.548067446999937, 3.839865650000036 ], [ -64.483622388999947, 3.787936924000064 ], [ -64.489512808999962, 3.74480614600003 ], [ -64.361702731999969, 3.736382757000058 ], [ -64.273081956999988, 3.695724250000069 ], [ -64.172523456999954, 3.520573769000066 ], [ -64.223951788999955, 3.442159695000043 ], [ -64.185893537999959, 3.350880258000075 ], [ -64.186039608999977, 3.114127709000059 ], [ -64.198334073999945, 3.064508351000029 ], [ -64.153149656999972, 3.036586364000073 ], [ -64.028733624999973, 2.853171216000021 ], [ -63.965534113999979, 2.829877753000062 ], [ -63.947512003999975, 2.806953085000032 ], [ -63.958363645999952, 2.648342121000042 ], [ -64.004049648999967, 2.564583585000037 ], [ -64.004763063999974, 2.461375708000048 ], [ -63.960953084999971, 2.468320095000024 ], [ -63.835970104999944, 2.415034727000034 ], [ -63.586286605999987, 2.421159895000073 ], [ -63.439903779999952, 2.451695751000045 ], [ -63.439068104999933, 2.384258531000057 ], [ -63.406157636999978, 2.336600334000025 ], [ -63.422399521999978, 2.238163784000051 ], [ -63.402344828999958, 2.207883358000061 ], [ -63.13505203699998, 2.18991319600002 ], [ -63.098461670999939, 2.09572716100007 ], [ -63.014290991999985, 2.03995526600005 ], [ -62.782733066999981, 2.01621100400007 ], [ -62.662351186999956, 1.926546709000036 ], [ -62.67030727599996, 1.884933477000061 ], [ -62.712666437999985, 1.82715272400003 ], [ -62.731592372999955, 1.695760533000055 ], [ -62.781541248999986, 1.653070161000073 ], [ -62.781640291999963, 1.621506028000056 ], [ -62.760970758999974, 1.57349802300007 ], [ -62.608605304999969, 1.435547278000058 ], [ -62.547759819999953, 1.288007294000067 ], [ -62.532180360999973, 1.162126106000073 ], [ -62.427204200999938, 1.088229693000073 ], [ -62.435258841999939, 0.957147431000067 ], [ -62.46312493299996, 0.892892880000034 ], [ -62.428606851999973, 0.812670136000065 ], [ -62.478626245999976, 0.760073420000026 ], [ -62.514416002999951, 0.683007321000048 ], [ -62.479390620999936, 0.51658100700007 ], [ -62.435734865999962, 0.438113476000069 ], [ -62.422549299999957, 0.119116422000047 ], [ -62.408223366999948, 0.100046408000026 ], [ -62.32466048799995, 0.080692443000032 ], [ -62.302423643999987, -0.047195453999962 ], [ -62.196096789999956, -0.137187595999933 ], [ -62.198514538999973, -0.17332317499995 ], [ -62.231308574999957, -0.22133335999996 ], [ -62.193062514999951, -0.261103034999962 ], [ -62.179373944999952, -0.302929068999958 ], [ -62.197288961999959, -0.369510530999946 ], [ -62.24040228299998, -0.407235948999926 ], [ -62.270769364999978, -0.466034 ], [ -62.271246047999966, -0.515436773999966 ], [ -62.251129839999976, -0.560457399999962 ], [ -62.265614392999964, -0.61709792399995 ], [ -62.337720460999947, -0.689490321999926 ], [ -62.426589338999975, -0.639498274999937 ], [ -62.473585933999971, -0.629995525999959 ], [ -62.488697157999979, -0.722034060999931 ], [ -62.44361410199997, -0.759785912999973 ], [ -62.354070578999938, -0.787837445999969 ], [ -62.300547717999962, -0.906632684999977 ], [ -62.092074368999988, -0.974467280999932 ], [ -62.072411362999958, -1.034796710999956 ], [ -62.01156894099995, -1.096344077999959 ], [ -61.929880393999952, -1.293915772999981 ], [ -61.866478313999949, -1.362748039999929 ], [ -61.842498169999942, -1.368542657999967 ], [ -61.787747750999984, -1.312094366999929 ], [ -61.742573835999963, -1.360478461999946 ], [ -61.639655455999957, -1.382953864999934 ], [ -61.562674346999984, -1.42806464399996 ], [ -61.539901998999937, -1.418176618999951 ], [ -61.533198202999984, -1.389716376999957 ], [ -61.581094826999959, -1.342664418999959 ], [ -61.590215738999973, -1.253456863999929 ], [ -61.588613218999967, -1.076337646999946 ], [ -61.54416428899998, -1.009744917999967 ], [ -61.581575090999934, -0.970358652999948 ], [ -61.593306412999937, -0.898577680999949 ], [ -61.58609205099998, -0.875154219999956 ], [ -61.539520894999953, -0.84224140799995 ], [ -61.524081061999937, -0.708249147999936 ], [ -61.426191810999967, -0.636709644999939 ], [ -61.398471942999947, -0.599385799999936 ], [ -61.333064778999983, -0.580265354999938 ], [ -61.295985178999956, -0.538901584999962 ], [ -61.215962006999973, -0.521910894999962 ], [ -61.152269697999941, -0.456674256999975 ], [ -61.112240472999986, -0.456308060999959 ], [ -61.020553624999934, -0.517858383999965 ], [ -60.919617577999986, -0.545073034999973 ], [ -60.881187734999969, -0.622324396999943 ], [ -60.800725927999963, -0.653351977999932 ], [ -60.782249541999931, -0.699236378999956 ], [ -60.73875572999998, -0.714280702999929 ], [ -60.726810535999959, -0.793840407999937 ], [ -60.680749213999945, -0.812728245999949 ], [ -60.659265964999975, -0.860089648999974 ], [ -60.533290909999948, -0.813658577999945 ], [ -60.501258518999975, -0.748295011999971 ], [ -60.420489707999934, -0.764140596999937 ], [ -60.383218101999944, -0.717630989999975 ], [ -60.295114225999953, -0.693988586999978 ], [ -60.280392286999984, -0.608816687999933 ], [ -60.38923706199995, -0.573160083999937 ], [ -60.396078275999969, -0.443646937999972 ], [ -60.286940629999947, -0.30772260699996 ], [ -60.281378651999944, -0.161193604999937 ], [ -60.226860249999959, -0.126028304999977 ], [ -60.21985030899998, -0.015069393999966 ], [ -60.114143964999982, 0.041542780000043 ], [ -60.10214530199994, 0.12101450900002 ], [ -60.071070925999948, 0.147389941000029 ], [ -60.064174339999965, 0.239088371000037 ], [ -60.018789227999946, 0.249984785000038 ] ] ] } },
{ "type": "Feature", "properties": { "shapeName": "Amapa", "shapeISO": "BR-AP", "shapeID": "14911670B26412867168762", "shapeGroup": "BRA", "shapeType": "ADM1", "region": "North" }, "geometry": { "type": "Polygon", "coordinates": [ [ [ -50.505887249999944, 0.405729988000076 ], [ -50.491849036999952, 0.508460422000041 ], [ -50.405272665999973, 0.582328413000027 ], [ -50.176769537999974, 0.607698696000057 ], [ -50.161051090999933, 0.626611961000037 ], [ -50.165900766999982, 0.652976023000065 ], [ -50.124106826999935, 0.681209035000052 ], [ -50.082860776999951, 0.742661063000071 ], [ -50.053420266999979, 0.829117936000046 ], [ -49.984075065999946, 0.883048752000036 ], [ -49.976815529999953, 1.036750347000066 ], [ -49.921043859999941, 1.112651898000024 ], [ -49.924169327999948, 1.15273604500004 ], [ -49.957113910999965, 1.187694778000036 ], [ -49.941522799999973, 1.231327773000032 ], [ -49.939889452999978, 1.485319771000036 ], [ -49.923371427999939, 1.562031683000043 ], [ -49.989644072999965, 1.576638820000028 ], [ -50.026875683999947, 1.65082589900004 ], [ -50.064839560999985, 1.667497146000073 ], [ -50.103603226999951, 1.652255246000038 ], [ -50.161463904999948, 1.660348489000057 ], [ -50.204311429999962, 1.707178038000052 ], [ -50.304464494999934, 1.738531141000067 ], [ -50.357739180999943, 1.822010207000062 ], [ -50.404564713999946, 1.839984706000052 ], [ -50.40770243299994, 1.941218885000069 ], [ -50.391981235999936, 1.988317945000063 ], [ -50.48000447499993, 2.031270838000069 ], [ -50.496769937999943, 2.118021448000036 ], [ -50.574790822999944, 2.118836104000025 ], [ -50.636261640999976, 2.069465079000054 ], [ -50.732121950999954, 2.105849359000047 ], [ -50.774127411999984, 2.146836633000021 ], [ -50.782883696999932, 2.248929464000071 ], [ -50.804733641999974, 2.272253096000043 ], [ -50.85031214299994, 2.285226151000074 ], [ -50.863005656999974, 2.345186257000023 ], [ -50.891675610999982, 2.366094503000056 ], [ -50.883920494999984, 2.42808519600004 ], [ -50.91152705099995, 2.462002468000037 ], [ -50.919861985999944, 2.541112377000047 ], [ -50.968837425999936, 2.595699023000066 ], [ -50.978792366999983, 2.657727427000054 ], [ -51.011456195999983, 2.702049119000037 ], [ -51.017100157999948, 2.83364739700005 ], [ -51.085751050999932, 2.927950880000026 ], [ -51.073693385999945, 2.998694950000072 ], [ -51.149424722999981, 3.31664616200004 ], [ -51.168200656999943, 3.684680807000063 ], [ -51.156641254999954, 3.755323100000055 ], [ -51.18164442799997, 3.775761554000042 ], [ -51.280426591999969, 3.78476469800006 ], [ -51.299077703999956, 3.974423407000074 ], [ -51.341375743999947, 4.003355860000056 ], [ -51.357841514999961, 4.059821550000038 ], [ -51.438612227999954, 4.138931507000052 ], [ -51.469985513999973, 4.204035791000024 ], [ -51.49096168899996, 4.22204389500007 ], [ -51.550108156999954, 4.231382670000073 ], [ -51.588700734999975, 4.28089975000006 ], [ -51.629541176999965, 4.261335408000036 ], [ -51.630386742999974, 4.235068277000039 ], [ -51.674256386999957, 4.166515306000065 ], [ -51.663074775999974, 4.013250052000046 ], [ -51.704929852999953, 3.975240055000029 ], [ -51.729741793999949, 3.907944737000037 ], [ -51.790924533999942, 3.84556083700005 ], [ -51.881969196999933, 3.793252642000027 ], [ -51.899148998999976, 3.746118301000024 ], [ -52.02151734499995, 3.654630312000052 ], [ -52.072890809999933, 3.472209130000067 ], [ -52.138498099999936, 3.440093213000068 ], [ -52.172508016999984, 3.404303432000063 ], [ -52.17266258899997, 3.360099998000067 ], [ -52.196525505999944, 3.341907859000059 ], [ -52.191519897999967, 3.315257871000028 ], [ -52.237692298999946, 3.261903296000071 ], [ -52.248930931999951, 3.219414893000021 ], [ -52.412668431999975, 3.069460958000036 ], [ -52.484418410999979, 2.844333391000021 ], [ -52.52597228999997, 2.807653046000041 ], [ -52.545792205999931, 2.723614366000049 ], [ -52.591729683999972, 2.692186802000037 ], [ -52.596233071999961, 2.547747440000023 ], [ -52.62691555899994, 2.485370509000063 ], [ -52.617191124999977, 2.44721521200006 ], [ -52.665536783999983, 2.38874319100006 ], [ -52.677131688999964, 2.346931735000055 ], [ -52.727697224999986, 2.328330730000062 ], [ -52.780438980999975, 2.262745808000034 ], [ -52.849356923999949, 2.274000650000062 ], [ -52.884936947999961, 2.231067317000054 ], [ -52.952487756999972, 2.206348834000039 ], [ -52.994628803999944, 2.086266733000059 ], [ -53.056973523999943, 2.08769938100005 ], [ -53.097821781999983, 2.158209050000039 ], [ -53.232485258999986, 2.131507103000047 ], [ -53.262611110999956, 2.208660418000022 ], [ -53.308498885999938, 2.227312785000038 ], [ -53.331365367999979, 2.275783128000057 ], [ -53.398607105999986, 2.275704214000029 ], [ -53.423490704999949, 2.24383210000002 ], [ -53.47261763399996, 2.220550443000036 ], [ -53.756867470999964, 2.219351453000058 ], [ -53.780024965999985, 2.228980514000057 ], [ -53.792483769999933, 2.295207654000023 ], [ -53.832225987999948, 2.31728259800002 ], [ -53.857847597999978, 2.307171960000062 ], [ -53.869467799999939, 2.245880109000041 ], [ -53.906816745999947, 2.224659092000024 ], [ -53.99175327599994, 2.215147993000073 ], [ -54.086446493999972, 2.145523481000055 ], [ -54.259521440999947, 2.105283856000028 ], [ -54.343460911999955, 2.158166813000037 ], [ -54.487437482999951, 2.173772046000067 ], [ -54.604226719999986, 2.252919739000049 ], [ -54.634169939999936, 2.292706456000076 ], [ -54.707465514999967, 2.312625393000076 ], [ -54.715336646999958, 2.372757895000063 ], [ -54.911513854999953, 2.365806422000048 ], [ -54.905209961999958, 2.326287241000045 ], [ -54.848967326999968, 2.249185362000048 ], [ -54.799644281999974, 2.134926687000075 ], [ -54.862487230999932, 2.017602953000051 ], [ -54.849951283999985, 1.948543373000064 ], [ -54.806922181999937, 1.899530563000042 ], [ -54.785750718999964, 1.726227999000059 ], [ -54.367365777999964, 1.701134452000076 ], [ -54.253327913999954, 1.585266299000068 ], [ -54.180145053999979, 1.569149623000044 ], [ -54.149112045999971, 1.492590694000057 ], [ -54.106015725999953, 1.451609261000044 ], [ -53.971034937999946, 1.426662298000053 ], [ -53.867873098999951, 1.32429240700003 ], [ -53.783646272999931, 1.324153929000033 ], [ -53.752120943999955, 1.35504634800003 ], [ -53.638655022999956, 1.318023321000055 ], [ -53.602406370999972, 1.192113240000026 ], [ -53.543537393999941, 1.152842476000046 ], [ -53.492615772999955, 1.16517828700006 ], [ -53.459751907999987, 1.144346350000035 ], [ -53.460847706999971, 1.090178482000056 ], [ -53.508828535999953, 1.053903651000041 ], [ -53.51441449899994, 1.030777964000038 ], [ -53.501956659999962, 0.988132195000048 ], [ -53.461571063999941, 0.949242453000068 ], [ -53.442514436999943, 0.870733251000047 ], [ -53.348861085999943, 0.80238832200007 ], [ -53.318540589999941, 0.746723169000063 ], [ -53.243095048999976, 0.717178473000047 ], [ -53.209597389999942, 0.656127482000045 ], [ -53.157287422999957, 0.616508879000037 ], [ -53.168258896999987, 0.524479021000047 ], [ -53.217076307999946, 0.484262798000032 ], [ -53.217475559999968, 0.30823986200005 ], [ -53.162818374999972, 0.273032796000052 ], [ -53.155842131999975, 0.142632950000063 ], [ -53.109415038999941, 0.124274608000064 ], [ -53.09389994299994, 0.081248745000039 ], [ -53.04759919199995, 0.062911381000049 ], [ -53.041052085999979, -0.026860872999976 ], [ -53.006822092999982, -0.075782149999952 ], [ -52.992374105999943, -0.181666851999978 ], [ -52.856142906999935, -0.214977337999926 ], [ -52.814824918999932, -0.302615476999961 ], [ -52.719893291999938, -0.338491588999943 ], [ -52.711200550999934, -0.450346905999936 ], [ -52.726799463999953, -0.548467462999952 ], [ -52.686109527999974, -0.620224662999931 ], [ -52.61281063399997, -0.608566283999949 ], [ -52.549936086999935, -0.639672885999971 ], [ -52.530402788999936, -0.779098182999974 ], [ -52.553757584999971, -0.88433312199993 ], [ -52.541165174999946, -0.900936377999926 ], [ -52.466613109999969, -0.920988226999953 ], [ -52.475966645999961, -1.080763751999939 ], [ -52.382828438999979, -1.106244151999931 ], [ -52.332058762999964, -1.14755148699993 ], [ -52.163539796999942, -1.167427347999933 ], [ -52.128939215999935, -1.281821039999954 ], [ -52.057869181999934, -1.198020054999972 ], [ -51.871484562999967, -1.208637314999976 ], [ -51.755078018999939, -1.110480700999972 ], [ -51.724506315999975, -0.841030667999974 ], [ -51.665780061999953, -0.79444777599997 ], [ -51.598640185999955, -0.683256422999932 ], [ -51.583135659999982, -0.626125325999965 ], [ -51.506590700999936, -0.589670805999958 ], [ -51.45682663599996, -0.476692595999964 ], [ -51.407728257999963, -0.424923069999977 ], [ -51.39213446399998, -0.334309780999945 ], [ -51.319287666999969, -0.266548001999979 ], [ -51.292204642999934, -0.175140243999977 ], [ -51.141978881999933, -0.147482339999954 ], [ -51.03092570299998, -0.073431622999976 ], [ -50.987344599999972, -0.006893032999926 ], [ -50.789453622999986, 0.065289361000055 ], [ -50.692469959999983, 0.123732964000055 ], [ -50.505887249999944, 0.405729988000076 ] ] ] } },
{ "type": "Feature", "properties": { "shapeName": "Amazonas", "shapeISO": "BR-AM", "shapeID": "14911670B46798344041190", "shapeGroup": "BRA", "shapeType": "ADM1", "region": "North" }, "geometry": { "type": "Polygon", "coordinates": [ [ [ -63.13505203699998, 2.18991319600002 ], [ -63.426070003999939, 2.210131631000024 ], [ -63.492707281999969, 2.144894425000075 ], [ -63.61416847199996, 2.135616967000033 ], [ -63.710746877999952, 2.027281587000061 ], [ -63.813465318999988, 2.043980023000074 ], [ -63.910628796999958, 2.027848255000038 ], [ -63.949497002999976, 2.035741170000051 ], [ -64.003184413999975, 1.940006529000073 ], [ -64.019848477999972, 1.717453568000053 ], [ -64.114845498999955, 1.642222204000063 ], [ -64.147959549999939, 1.566997916000048 ], [ -64.211244181999973, 1.536658328000044 ], [ -64.344337528999972, 1.554786259000025 ], [ -64.390700994999975, 1.521442326000056 ], [ -64.467457623999962, 1.512754086000029 ], [ -64.485927556999968, 1.466597272000058 ], [ -64.531672003999972, 1.44795048800006 ], [ -64.559055249999972, 1.38846138100007 ], [ -64.646896221999953, 1.344357133000074 ], [ -64.673613363999948, 1.350972769000066 ], [ -64.72077569299995, 1.41344489200003 ], [ -64.775324415999933, 1.369171931000039 ], [ -64.804173689999971, 1.372359235000033 ], [ -64.862381892999963, 1.29678995300003 ], [ -64.875362806999988, 1.251187276000053 ], [ -64.934229711999933, 1.209321246000059 ], [ -65.131452741999965, 1.20111808300004 ], [ -65.147225439999943, 1.137947895000025 ], [ -65.179538209999976, 1.10364370800005 ], [ -65.175571782999953, 1.078701159000047 ], [ -65.148132578999935, 1.054215446000057 ], [ -65.190820153999937, 0.994712882000044 ], [ -65.336140301999933, 0.989269526000044 ], [ -65.367078536999941, 0.936311133000061 ], [ -65.447949456999936, 0.93204705200003 ], [ -65.539054299999975, 1.042336457000033 ], [ -65.619025160999968, 1.062590724000074 ], [ -65.648474709999959, 1.027023467000049 ], [ -65.758657645999961, 1.003647555000043 ], [ -65.802599366999971, 0.962426857000025 ], [ -65.88559500599996, 0.940676366000048 ], [ -65.922953823999933, 0.900753750000035 ], [ -66.076092922999976, 0.883373778000021 ], [ -66.130596627999978, 0.834976384000072 ], [ -66.174790677999965, 0.883546828000021 ], [ -66.25277536599998, 0.855734919000042 ], [ -66.347638594999978, 0.854569720000029 ], [ -66.458547350999936, 0.917240779000053 ], [ -66.493472758999985, 0.961255332000064 ], [ -66.578429279999966, 0.997585953000055 ], [ -66.614853626999945, 1.069607379000047 ], [ -66.706028364999952, 1.12434429700005 ], [ -66.716192700999954, 1.185319527000047 ], [ -66.773433335999982, 1.212465623000071 ], [ -66.804325680999966, 1.257004924000057 ], [ -66.984598822999942, 1.224660564000033 ], [ -67.06644313399994, 1.266279113000053 ], [ -67.071066368999936, 1.346020129000067 ], [ -67.039761843999941, 1.371358771000075 ], [ -67.016164405999973, 1.439659003000031 ], [ -67.017491769999936, 1.677905133000024 ], [ -67.070806965999964, 1.707953800000041 ], [ -67.075650183999983, 1.814774106000073 ], [ -67.099742147999962, 1.880883994000044 ], [ -67.175200472999961, 1.917874798000071 ], [ -67.223467392999964, 1.976568071000031 ], [ -67.265006880999977, 1.97682982300006 ], [ -67.30375036199996, 2.086256075000051 ], [ -67.307559297999944, 2.232898474000024 ], [ -67.323797742999943, 2.257163490000039 ], [ -67.434738232999962, 2.253896577000035 ], [ -67.465300839999941, 2.213511844000038 ], [ -67.519511547999969, 2.19211424100007 ], [ -67.548971214999938, 2.129038991000073 ], [ -67.626599141999975, 2.068958847000033 ], [ -67.734292559999972, 2.113714334000065 ], [ -67.789107332999947, 2.059762198000044 ], [ -67.802417381999987, 1.991933718000041 ], [ -67.873528479999948, 1.930380846000048 ], [ -67.917089924999971, 1.915390739000031 ], [ -68.004857688999948, 1.912391868000043 ], [ -68.037174516999983, 1.977911240000026 ], [ -68.082583129999932, 1.996108282000023 ], [ -68.095635514999969, 2.037459077000051 ], [ -68.155541930999959, 2.039797227000065 ], [ -68.172455811999953, 1.994601316000058 ], [ -68.221587149999948, 1.992379510000035 ], [ -68.226883003999944, 1.863370843000041 ], [ -68.264062806999959, 1.79132611600005 ], [ -69.35737553499996, 1.790351095000062 ], [ -69.441593108999939, 1.823210263000021 ], [ -69.47549704499994, 1.813156585000058 ], [ -69.548797958999955, 1.829801282000062 ], [ -69.580167655999958, 1.824781545000064 ], [ -69.598642259999963, 1.797833407000041 ], [ -69.630225012999972, 1.805053694000037 ], [ -69.716161201999967, 1.783383596000021 ], [ -69.723375313999952, 1.754113682000025 ], [ -69.818398431999981, 1.744996117000028 ], [ -69.825116471999934, 1.157741483000052 ], [ -69.838174816999981, 1.095191034000038 ], [ -69.467304069999955, 1.098868109000023 ], [ -69.443269561999955, 1.073188260000052 ], [ -69.410293583999987, 1.068635961000041 ], [ -69.385843791999946, 1.073680775000071 ], [ -69.365965517999939, 1.100185694000061 ], [ -69.341372968999963, 1.076063195000074 ], [ -69.310682511999971, 1.120550739000066 ], [ -69.288908488999937, 1.122855535000042 ], [ -69.19959939499995, 1.040223214000036 ], [ -69.145936158999973, 0.962480310000046 ], [ -69.161379600999965, 0.794111588000021 ], [ -69.134984136999947, 0.699629602000073 ], [ -69.222506720999945, 0.646649773000036 ], [ -69.258082100999957, 0.67599335400007 ], [ -69.361202796999976, 0.680818887000044 ], [ -69.427890445999935, 0.761149654000064 ], [ -69.442216704999964, 0.809032715000058 ], [ -69.478133748999937, 0.813258552000036 ], [ -69.515863787999933, 0.746147669000038 ], [ -69.564076019999959, 0.719943728000032 ], [ -69.701322151999989, 0.701358142000061 ], [ -69.781202618999941, 0.622376656000029 ], [ -69.998591877999957, 0.612602641000024 ], [ -70.014753413999983, 0.591278527000043 ], [ -70.003104768999947, 0.536899915000049 ], [ -70.052737436999962, 0.378653702000065 ], [ -70.059655157999941, 0.104224726000041 ], [ -70.077710108999952, 0.042826241000057 ], [ -70.042829969999957, 0.001521054000023 ], [ -70.03878416799995, -0.039563353999938 ], [ -70.044421911999962, -0.072594998999932 ], [ -70.076731048999989, -0.102178150999976 ], [ -70.071058923999942, -0.18167501299996 ], [ -69.945497540999952, -0.307375053999976 ], [ -69.879808088999937, -0.32615801399993 ], [ -69.84734728799998, -0.365752726999972 ], [ -69.728426501999934, -0.426572370999963 ], [ -69.642839088999949, -0.450802753999938 ], [ -69.626435126999979, -0.575403688999927 ], [ -69.593900214999962, -0.606044552999947 ], [ -69.609705830999985, -0.657501056999934 ], [ -69.607825098999967, -0.731378008999968 ], [ -69.559186266999973, -0.753527708999968 ], [ -69.499725635999937, -0.811625149999941 ], [ -69.505698907999943, -0.898113971999976 ], [ -69.448733962999938, -0.933590862999949 ], [ -69.467037590999951, -0.972803314999965 ], [ -69.421047900999952, -1.104408131999946 ], [ -69.450016707999964, -1.152139433999935 ], [ -69.415750022999987, -1.303494709999939 ], [ -69.47235619199995, -1.407751214999962 ], [ -69.455172738999977, -1.501816485999939 ], [ -69.489589618999958, -1.578813915999945 ], [ -69.47540294199996, -1.643680307999944 ], [ -69.508617009999966, -1.705690638999954 ], [ -69.499490263999974, -1.77021313399996 ], [ -69.530915959999959, -1.843799646999969 ], [ -69.519005522999976, -1.890000371999975 ], [ -69.609542249999947, -2.268897286999959 ], [ -69.670222013999933, -2.753593837999972 ], [ -69.705847676999952, -2.827519859999938 ], [ -69.693459062999978, -2.896929401999955 ], [ -69.730437301999984, -3.073802360999935 ], [ -69.763019191999945, -3.119009765999976 ], [ -69.753302403999953, -3.156883984999979 ], [ -69.802156036999975, -3.313870495999936 ], [ -69.788165592999974, -3.38421307699997 ], [ -69.841681852999955, -3.468792821999955 ], [ -69.867017093999948, -3.689482384999963 ], [ -69.905994263999958, -3.831707691999952 ], [ -69.932384815999967, -3.871989946999975 ], [ -69.924300741999957, -3.922485740999946 ], [ -69.95161812799995, -3.969421457999943 ], [ -69.945908654999982, -4.007897207999974 ], [ -69.972067997999943, -4.051352583999972 ], [ -69.967482791999942, -4.238461029999939 ], [ -70.029702229999941, -4.284465638999961 ], [ -70.147266741999942, -4.247196953999946 ], [ -70.22065650899998, -4.251809039999955 ], [ -70.306975683999951, -4.212263993999954 ], [ -70.312473448999981, -4.149216485999943 ], [ -70.29590466999997, -4.099044808999963 ], [ -70.317238085999975, -4.069277203999945 ], [ -70.61866568399995, -4.059224790999963 ], [ -70.730245499999967, -4.03085207099997 ], [ -70.819792861999986, -4.102160872999946 ], [ -70.844411635999961, -4.186473416999945 ], [ -70.87108815299996, -4.203930540999977 ], [ -70.886099080999941, -4.247217632999934 ], [ -70.929365372999939, -4.262421933999974 ], [ -70.947730949999936, -4.308736175999968 ], [ -71.268529625999975, -4.314434393999932 ], [ -71.298222967999948, -4.347222611999939 ], [ -71.351351662999946, -4.370552656999962 ], [ -71.411103623999963, -4.35283815899993 ], [ -71.481797615999938, -4.368026172999976 ], [ -71.526063384999986, -4.355035114999964 ], [ -71.552665526999988, -4.405484959999967 ], [ -71.626790595999978, -4.413492235999968 ], [ -71.711463143999936, -4.44623315399997 ], [ -71.752241476999984, -4.412887449999971 ], [ -71.806456869999977, -4.413835806999941 ], [ -71.879630968999948, -4.463039984999966 ], [ -71.949262506999958, -4.476323247999971 ], [ -71.976274181999941, -4.533965740999975 ], [ -72.005975049999961, -4.539108990999978 ], [ -72.037084136999965, -4.597563864999927 ], [ -72.080728761999978, -4.61252439499998 ], [ -72.098240436999959, -4.658225159999972 ], [ -72.205968638999934, -4.669902398999966 ], [ -72.258365236999964, -4.719202597999981 ], [ -72.416377870999952, -4.737625996999952 ], [ -72.446898459999943, -4.807915885999932 ], [ -72.474139322999974, -4.810315496999976 ], [ -72.488876585999947, -4.892388703999927 ], [ -72.659423941999933, -4.918720651999934 ], [ -72.684432674999982, -4.989372309999965 ], [ -72.783846159999939, -5.000835117999941 ], [ -72.798744726999985, -5.044310081999981 ], [ -72.838588264999942, -5.057103669999947 ], [ -72.857303374999958, -5.102604356999962 ], [ -72.90371049099997, -5.120909637999944 ], [ -72.910682206999979, -5.250780578999979 ], [ -72.963259739999955, -5.278870763999976 ], [ -72.968100754999966, -5.400339358999929 ], [ -73.004033817999982, -5.441161914999952 ], [ -73.007003538999982, -5.615114006999931 ], [ -73.046443364999959, -5.74703247399998 ], [ -73.174090873999944, -5.816804056999956 ], [ -73.232962981999947, -5.874691797999958 ], [ -73.244321738999986, -5.973761033999949 ], [ -73.291378910999981, -5.991588146999959 ], [ -73.314044733999935, -6.032071851999945 ], [ -73.313301549999949, -6.116322095999976 ], [ -73.275673139999981, -6.241898344999981 ], [ -73.221721723999963, -6.274923715999932 ], [ -73.224472624999976, -6.458992556999931 ], [ -73.341946062999966, -6.524477543999978 ], [ -73.350336936999952, -6.562022476999971 ], [ -73.404881103999969, -6.571859393999944 ], [ -73.421606274999988, -6.594777378999936 ], [ -73.532610537999972, -6.598077610999951 ], [ -73.578809044999957, -6.656113312999935 ], [ -73.638867848999951, -6.66786914599993 ], [ -73.691428005999967, -6.732837570999948 ], [ -73.772915145999946, -6.772091114999967 ], [ -73.797163023999985, -6.859469579999939 ], [ -73.849056858999973, -6.909005269999966 ], [ -73.796373805999963, -7.109158104999949 ], [ -73.268218512999965, -7.336350572999947 ], [ -73.208442659999946, -7.383040024999957 ], [ -72.774116791999973, -7.573459639999953 ], [ -72.247219521999966, -7.667370296999934 ], [ -71.981327236999959, -7.751182357999937 ], [ -71.918533493999973, -7.786356832999957 ], [ -71.642273342999943, -7.851063140999941 ], [ -71.258949332999975, -7.928824741999961 ], [ -70.981770351999955, -7.954154470999981 ], [ -70.654230974657878, -8.011125877786428 ], [ -70.498046158999955, -8.06498899199994 ], [ -70.361757761999968, -8.087483382999949 ], [ -70.249600640999972, -8.195732178999947 ], [ -70.154453677999982, -8.254908737999926 ], [ -69.73667213799996, -8.420192957999973 ], [ -69.456689729999937, -8.606714439999962 ], [ -69.192010412999934, -8.69108545399996 ], [ -68.987709543999983, -8.814315664999981 ], [ -68.787551504999954, -8.915963492999936 ], [ -68.698735986999964, -8.930820700999959 ], [ -68.490100150999979, -9.061231606999968 ], [ -68.213245000999962, -9.197350107999966 ], [ -67.885613796999962, -9.271861538999929 ], [ -67.67917893799995, -9.399571760999947 ], [ -67.424046575999967, -9.519524442999966 ], [ -67.10925272299994, -9.609366210999951 ], [ -67.039449744999956, -9.66689843599994 ], [ -66.809841251999956, -9.767087609999976 ], [ -66.681355247999988, -9.664148917999967 ], [ -66.575757387999943, -9.610508718999938 ], [ -66.481253399999957, -9.585640483999953 ], [ -66.37347639799998, -9.480480525999951 ], [ -66.329045591999943, -9.396951092999927 ], [ -66.047423959999946, -9.378858969999953 ], [ -65.990218066999944, -9.31100569299997 ], [ -65.947925123999937, -9.374300969999979 ], [ -65.831649857999935, -9.490986342999975 ], [ -65.753388252999969, -9.540972162999935 ], [ -65.694778823999968, -9.480266779999965 ], [ -65.646230620999972, -9.383744092999962 ], [ -65.534733552999967, -9.396262416999946 ], [ -65.482778841999959, -9.449323441999979 ], [ -65.37840134399994, -9.432161683999936 ], [ -65.383602850999978, -9.404226911999956 ], [ -65.437235570999974, -9.363610385999948 ], [ -65.426751267999975, -9.29371569999995 ], [ -65.264662187999988, -9.210402403999979 ], [ -65.191832075999969, -9.230964275999952 ], [ -65.164558036999949, -9.388766335999946 ], [ -65.081574991999958, -9.377277531999937 ], [ -65.046667813999932, -9.319627583999932 ], [ -64.948583191999944, -9.251689446999933 ], [ -64.934223650999968, -9.17194385199997 ], [ -64.943983471999957, -9.062049259999981 ], [ -64.823508402999948, -8.949596860999975 ], [ -64.789260698999954, -8.956170203999932 ], [ -64.763292491999948, -8.995652188999941 ], [ -64.741334582999968, -9.001796210999942 ], [ -64.717312283999945, -8.992116787999976 ], [ -64.704991387999939, -8.951077579999946 ], [ -64.686259921999977, -8.947704891999933 ], [ -64.657325958999934, -8.99338251599994 ], [ -64.607218386999932, -9.00339349799998 ], [ -64.529880556999956, -8.931163596999966 ], [ -64.423253732999967, -8.93850656199993 ], [ -64.356264187999955, -8.867422807999958 ], [ -64.329389598999967, -8.873119802999952 ], [ -64.269405033999988, -8.942484951999973 ], [ -64.199704942999972, -8.942875607999952 ], [ -64.158299761999956, -8.923024158999965 ], [ -64.136260651999976, -8.698590331999981 ], [ -64.075568819999944, -8.667125662999979 ], [ -64.034250641999961, -8.625060685999927 ], [ -64.02178532299996, -8.58532071299993 ], [ -63.978380725999955, -8.570321629999967 ], [ -63.962839527999961, -8.527518811999926 ], [ -63.916079127999978, -8.509107789999973 ], [ -63.916398249999986, -8.472817864999968 ], [ -63.968514445999972, -8.440869536999969 ], [ -63.902462527999944, -8.408247815999971 ], [ -63.873003650999976, -8.257707725999978 ], [ -63.825693695999973, -8.253535584999952 ], [ -63.797421485999962, -8.305829487999972 ], [ -63.744541377999951, -8.293733148999934 ], [ -63.70127374599997, -8.188871357999972 ], [ -63.690864962999967, -8.082263832999956 ], [ -63.647885029999941, -8.034501134999971 ], [ -63.630734479999944, -7.913341069999944 ], [ -63.609864205999941, -7.895141118999959 ], [ -62.851504743999953, -7.915970675999972 ], [ -62.818483163999986, -7.953875489999973 ], [ -62.676963895999961, -8.030725700999938 ], [ -62.652516538999976, -8.175064584999973 ], [ -62.533915754999953, -8.29420046499996 ], [ -62.375254541999936, -8.325080911999976 ], [ -62.297758482999939, -8.595145446999936 ], [ -62.267370782999933, -8.585524584999973 ], [ -62.234076773999959, -8.518521159999977 ], [ -62.174493730999984, -8.529638444999932 ], [ -62.140989508999951, -8.727010306999944 ], [ -62.017653167999981, -8.762852151999937 ], [ -61.968992828999944, -8.813698129999977 ], [ -61.895918933999951, -8.79609226499997 ], [ -61.729546572999936, -8.631025724999972 ], [ -61.666421852999974, -8.645961415999977 ], [ -61.577189349999969, -8.73786307599994 ], [ -61.519353029999934, -8.751670203999936 ], [ -58.448443415999975, -8.776048750999962 ], [ -58.382683264999969, -8.755079518999935 ], [ -58.341809037999951, -8.711304755999947 ], [ -58.332772962999968, -8.675438354999926 ], [ -58.401291046999972, -8.634125461999929 ], [ -58.413713819999941, -8.457689930999948 ], [ -58.34228552899998, -8.342391301999953 ], [ -58.300603603999946, -8.306202216999964 ], [ -58.286860983999986, -8.003046779999977 ], [ -58.292217188999985, -7.957487482999966 ], [ -58.342257980999932, -7.911007822999977 ], [ -58.34809912999998, -7.78007658599995 ], [ -58.17741773299997, -7.551772940999967 ], [ -58.223867444999939, -7.473580724999977 ], [ -58.163291393999941, -7.339374474999943 ], [ -58.126729474999934, -7.30207782399998 ], [ -58.167242985999962, -7.255960458999937 ], [ -58.191622310999946, -7.08915112699998 ], [ -58.27097914999996, -7.027292547999934 ], [ -58.330890861999933, -6.943670470999962 ], [ -58.40867297799997, -6.920596896999939 ], [ -58.46070816799994, -6.758017025999948 ], [ -58.470255919999943, -6.656368962999977 ], [ -58.433081537999954, -6.594733312999949 ], [ -58.364382983999974, -6.553346365999971 ], [ -58.319817833999934, -6.463102120999963 ], [ -58.235397448999947, -6.413995839999927 ], [ -58.203746873999933, -6.372239761999936 ], [ -57.924271497999939, -5.793129916999931 ], [ -57.799899240999935, -5.49573021599997 ], [ -57.717140410999946, -5.235523225999941 ], [ -57.421011221999947, -4.638799347999964 ], [ -57.379085558999975, -4.487019185999941 ], [ -57.096992369999953, -3.874326339999925 ], [ -56.931438191999973, -3.558803142999977 ], [ -56.871602512999971, -3.473363583999969 ], [ -56.809203382999954, -3.282886953999935 ], [ -56.657677641999953, -3.001390113999946 ], [ -56.572213821999981, -2.776973017999978 ], [ -56.433423274999939, -2.523594341999967 ], [ -56.415952623999942, -2.451801190999959 ], [ -56.452957543999958, -2.40425251399995 ], [ -56.408373168999958, -2.292257045999975 ], [ -56.306205184999953, -2.254151082999954 ], [ -56.216270538999936, -2.197141129999977 ], [ -56.141041207999933, -2.083532459999958 ], [ -56.13061410399996, -2.023097162999932 ], [ -56.252360134999947, -2.018099537999944 ], [ -56.26907601299996, -2.066333977999932 ], [ -56.313844533999941, -2.099620838999954 ], [ -56.336239413999976, -2.148152502999949 ], [ -56.569058545999951, -2.151300413999934 ], [ -56.609947189999957, -2.186960779999936 ], [ -56.701084907999984, -2.185406900999965 ], [ -56.769853645999945, -2.127534729999979 ], [ -56.765321047999976, -2.098146215999975 ], [ -56.717258656999945, -2.048780366999949 ], [ -56.717873122999947, -2.020852342999945 ], [ -56.786548915999958, -1.997608166999953 ], [ -56.870672294999963, -2.005724129999976 ], [ -56.907995096999969, -1.962007870999969 ], [ -57.048983158999931, -1.883355396999946 ], [ -57.076830749999942, -1.812606234999976 ], [ -57.144310213999972, -1.743168512999944 ], [ -57.249429272999976, -1.68077677499997 ], [ -57.360948966999956, -1.715302079999958 ], [ -57.549848740999948, -1.616283802999931 ], [ -57.587320162999958, -1.576476955999965 ], [ -57.72903514099994, -1.554618318999928 ], [ -57.875468454999975, -1.403150451999977 ], [ -57.959077150999974, -1.371615888999941 ], [ -57.998485193999954, -1.32663716899998 ], [ -57.965751207999972, -1.221343949999948 ], [ -57.962944110999956, -1.109624330999964 ], [ -58.059256388999984, -1.096257116999936 ], [ -58.125344328999972, -1.199834479999936 ], [ -58.153325166999934, -1.214733949999925 ], [ -58.246193412999958, -1.110690477999924 ], [ -58.338482466999949, -1.083918144999927 ], [ -58.39923011999997, -1.02216117599994 ], [ -58.422769056999982, -0.944494190999933 ], [ -58.463168950999943, -0.892466819999925 ], [ -58.455129175999957, -0.830768638999928 ], [ -58.540129606999983, -0.794458402999965 ], [ -58.758556153999962, -0.584320928999944 ], [ -58.699929129999987, -0.510583853999947 ], [ -58.766271802999938, -0.377642906999938 ], [ -58.849358150999933, -0.327094480999961 ], [ -58.874880335999933, -0.005783357999974 ], [ -58.858706185999949, 0.04615773200004 ], [ -58.85769804399996, 0.218795991000036 ], [ -58.864480794999963, 0.242830034000065 ], [ -58.883839652999939, 0.249251377000064 ], [ -60.057999147999965, 0.245340271000032 ], [ -60.071070925999948, 0.147389941000029 ], [ -60.10214530199994, 0.12101450900002 ], [ -60.111596085999963, 0.045092932000045 ], [ -60.21985030899998, -0.015069393999966 ], [ -60.226860249999959, -0.126028304999977 ], [ -60.281378651999944, -0.161193604999937 ], [ -60.286940629999947, -0.30772260699996 ], [ -60.396078275999969, -0.443646937999972 ], [ -60.38923706199995, -0.573160083999937 ], [ -60.280392286999984, -0.608816687999933 ], [ -60.295114225999953, -0.693988586999978 ], [ -60.383218101999944, -0.717630989999975 ], [ -60.420489707999934, -0.764140596999937 ], [ -60.501258518999975, -0.748295011999971 ], [ -60.533290909999948, -0.813658577999945 ], [ -60.659265964999975, -0.860089648999974 ], [ -60.680749213999945, -0.812728245999949 ], [ -60.726810535999959, -0.793840407999937 ], [ -60.73875572999998, -0.714280702999929 ], [ -60.782249541999931, -0.699236378999956 ], [ -60.800725927999963, -0.653351977999932 ], [ -60.881187734999969, -0.622324396999943 ], [ -60.919617577999986, -0.545073034999973 ], [ -61.020553624999934, -0.517858383999965 ], [ -61.112240472999986, -0.456308060999959 ], [ -61.152269697999941, -0.456674256999975 ], [ -61.215962006999973, -0.521910894999962 ], [ -61.295985178999956, -0.538901584999962 ], [ -61.333064778999983, -0.580265354999938 ], [ -61.398471942999947, -0.599385799999936 ], [ -61.426191810999967, -0.636709644999939 ], [ -61.524081061999937, -0.708249147999936 ], [ -61.539520894999953, -0.84224140799995 ], [ -61.58609205099998, -0.875154219999956 ], [ -61.593306412999937, -0.898577680999949 ], [ -61.581575090999934, -0.970358652999948 ], [ -61.54416428899998, -1.009744917999967 ], [ -61.588613218999967, -1.076337646999946 ], [ -61.590215738999973, -1.253456863999929 ], [ -61.581094826999959, -1.342664418999959 ], [ -61.533198202999984, -1.389716376999957 ], [ -61.539901998999937, -1.418176618999951 ], [ -61.562674346999984, -1.42806464399996 ], [ -61.639655455999957, -1.382953864999934 ], [ -61.742573835999963, -1.360478461999946 ], [ -61.787747750999984, -1.312094366999929 ], [ -61.842498169999942, -1.368542657999967 ], [ -61.86235845799996, -1.365796614999965 ], [ -61.929880393999952, -1.293915772999981 ], [ -62.01156894099995, -1.096344077999959 ], [ -62.072411362999958, -1.034796710999956 ], [ -62.092074368999988, -0.974467280999932 ], [ -62.300547717999962, -0.906632684999977 ], [ -62.354070578999938, -0.787837445999969 ], [ -62.44361410199997, -0.759785912999973 ], [ -62.488697157999979, -0.722034060999931 ], [ -62.473585933999971, -0.629995525999959 ], [ -62.426589338999975, -0.639498274999937 ], [ -62.337720460999947, -0.689490321999926 ], [ -62.265614392999964, -0.61709792399995 ], [ -62.251129839999976, -0.560457399999962 ], [ -62.271246047999966, -0.515436773999966 ], [ -62.270769364999978, -0.466034 ], [ -62.24040228299998, -0.407235948999926 ], [ -62.197288961999959, -0.369510530999946 ], [ -62.179373944999952, -0.302929068999958 ], [ -62.193062514999951, -0.261103034999962 ], [ -62.231308574999957, -0.22133335999996 ], [ -62.198514538999973, -0.17332317499995 ], [ -62.196096789999956, -0.137187595999933 ], [ -62.302423643999987, -0.047195453999962 ], [ -62.32466048799995, 0.080692443000032 ], [ -62.408223366999948, 0.100046408000026 ], [ -62.422549299999957, 0.119116422000047 ], [ -62.435734865999962, 0.438113476000069 ], [ -62.479390620999936, 0.51658100700007 ], [ -62.514416002999951, 0.683007321000048 ], [ -62.478626245999976, 0.760073420000026 ], [ -62.428606851999973, 0.812670136000065 ], [ -62.46312493299996, 0.892892880000034 ], [ -62.435258841999939, 0.957147431000067 ], [ -62.427204200999938, 1.088229693000073 ], [ -62.532180360999973, 1.162126106000073 ], [ -62.547759819999953, 1.288007294000067 ], [ -62.608605304999969, 1.435547278000058 ], [ -62.760970758999974, 1.57349802300007 ], [ -62.781640291999963, 1.621506028000056 ], [ -62.781541248999986, 1.653070161000073 ], [ -62.731592372999955, 1.695760533000055 ], [ -62.712666437999985, 1.82715272400003 ], [ -62.67030727599996, 1.884933477000061 ], [ -62.662351186999956, 1.926546709000036 ], [ -62.782733066999981, 2.01621100400007 ], [ -63.014290991999985, 2.03995526600005 ], [ -63.098461670999939, 2.09572716100007 ], [ -63.13505203699998, 2.18991319600002 ] ] ] } },
{ "type": "Feature", "properties": { "shapeName": "Para", "shapeISO": "BR-PA", "shapeID": "14911670B48776179681147", "shapeGroup": "BRA", "shapeType": "ADM1", "region": "North" }, "geometry": { "type": "Polygon", "coordinates": [ [ [ -58.877699341884146, 1.178246167399784 ], [ -58.877805923999972, 0.292993061000061 ], [ -58.857293966999976, 0.20070503300002 ], [ -58.859167775999936, 0.040442579000057 ], [ -58.874880335999933, -0.005783357999974 ], [ -58.849358150999933, -0.327094480999961 ], [ -58.834705887999974, -0.347499427999935 ], [ -58.769833425999934, -0.373422542999947 ], [ -58.702418060999946, -0.500166638999929 ], [ -58.704561326999965, -0.528120358999956 ], [ -58.758577386999946, -0.568395450999958 ], [ -58.756136359999971, -0.588672901999928 ], [ -58.540129606999983, -0.794458402999965 ], [ -58.455129175999957, -0.830768638999928 ], [ -58.463168950999943, -0.892466819999925 ], [ -58.422769056999982, -0.944494190999933 ], [ -58.396288245999983, -1.02647608999996 ], [ -58.334074334999968, -1.086759756999925 ], [ -58.246193412999958, -1.110690477999924 ], [ -58.153325166999934, -1.214733949999925 ], [ -58.125344328999972, -1.199834479999936 ], [ -58.059256388999984, -1.096257116999936 ], [ -57.962944110999956, -1.109624330999964 ], [ -57.965751207999972, -1.221343949999948 ], [ -57.998485193999954, -1.32663716899998 ], [ -57.959077150999974, -1.371615888999941 ], [ -57.875468454999975, -1.403150451999977 ], [ -57.72903514099994, -1.554618318999928 ], [ -57.587320162999958, -1.576476955999965 ], [ -57.549848740999948, -1.616283802999931 ], [ -57.360948966999956, -1.715302079999958 ], [ -57.249429272999976, -1.68077677499997 ], [ -57.144310213999972, -1.743168512999944 ], [ -57.076830749999942, -1.812606234999976 ], [ -57.048983158999931, -1.883355396999946 ], [ -56.907995096999969, -1.962007870999969 ], [ -56.870672294999963, -2.005724129999976 ], [ -56.786548915999958, -1.997608166999953 ], [ -56.717873122999947, -2.020852342999945 ], [ -56.717258656999945, -2.048780366999949 ], [ -56.765321047999976, -2.098146215999975 ], [ -56.769853645999945, -2.127534729999979 ], [ -56.701084907999984, -2.185406900999965 ], [ -56.609947189999957, -2.186960779999936 ], [ -56.569058545999951, -2.151300413999934 ], [ -56.336239413999976, -2.148152502999949 ], [ -56.313844533999941, -2.099620838999954 ], [ -56.26907601299996, -2.066333977999932 ], [ -56.252360134999947, -2.018099537999944 ], [ -56.150927360999958, -2.013894206999964 ], [ -56.128487142999973, -2.030059576999975 ], [ -56.141041207999933, -2.083532459999958 ], [ -56.216270538999936, -2.197141129999977 ], [ -56.306205184999953, -2.254151082999954 ], [ -56.408373168999958, -2.292257045999975 ], [ -56.452957543999958, -2.40425251399995 ], [ -56.415952623999942, -2.451801190999959 ], [ -56.433423274999939, -2.523594341999967 ], [ -56.572213821999981, -2.776973017999978 ], [ -56.657677641999953, -3.001390113999946 ], [ -56.809203382999954, -3.282886953999935 ], [ -56.871602512999971, -3.473363583999969 ], [ -56.931438191999973, -3.558803142999977 ], [ -57.096992369999953, -3.874326339999925 ], [ -57.379085558999975, -4.487019185999941 ], [ -57.421011221999947, -4.638799347999964 ], [ -57.717140410999946, -5.235523225999941 ], [ -57.799899240999935, -5.49573021599997 ], [ -57.924271497999939, -5.793129916999931 ], [ -58.203746873999933, -6.372239761999936 ], [ -58.235397448999947, -6.413995839999927 ], [ -58.319817833999934, -6.463102120999963 ], [ -58.364382983999974, -6.553346365999971 ], [ -58.437250444999961, -6.598895261999928 ], [ -58.472024929999975, -6.661991009999952 ], [ -58.46070816799994, -6.758017025999948 ], [ -58.40867297799997, -6.920596896999939 ], [ -58.330890861999933, -6.943670470999962 ], [ -58.27097914999996, -7.027292547999934 ], [ -58.188485698999955, -7.093648751999979 ], [ -58.165555715999972, -7.261324587999979 ], [ -58.080550560999939, -7.329972392999935 ], [ -58.031532169999934, -7.402580771999965 ], [ -57.969718586999932, -7.530007315999967 ], [ -57.952089964999971, -7.609711846999971 ], [ -57.910414234999962, -7.652784748999977 ], [ -57.891272353999966, -7.744585241999971 ], [ -57.852495030999933, -7.819849687999977 ], [ -57.82996269299997, -7.936464608999927 ], [ -57.737630251999974, -8.05421322899997 ], [ -57.721511032999956, -8.124026065999942 ], [ -57.673487430999955, -8.140380697999944 ], [ -57.644283284999972, -8.181074922999926 ], [ -57.67226915599997, -8.249155494999968 ], [ -57.662418736999939, -8.453772352999977 ], [ -57.610690252999973, -8.534463605999974 ], [ -57.594342264999966, -8.698769446999961 ], [ -57.487263408999979, -8.732369129999938 ], [ -57.299045275999958, -8.875297429999932 ], [ -57.193164262999971, -8.904701198999931 ], [ -57.061448234999943, -9.059947330999933 ], [ -57.029076871999962, -9.160821858999952 ], [ -56.873571672999958, -9.181484687999955 ], [ -56.792029593999985, -9.255675506999978 ], [ -56.748816001999955, -9.355457543999933 ], [ -56.730881211999986, -9.367173688999969 ], [ -56.239673643999936, -9.359341404999952 ], [ -56.165813318999938, -9.397637814999939 ], [ -55.050376523999944, -9.467604594999955 ], [ -54.783476976999964, -9.512314284999945 ], [ -54.065277039999955, -9.532936293999967 ], [ -53.162986942999964, -9.635005434999925 ], [ -52.558770079999931, -9.648513169999944 ], [ -52.472352379999961, -9.675131577999935 ], [ -51.741754963999938, -9.734701806999965 ], [ -51.699983302999954, -9.769180568999957 ], [ -51.666875876999939, -9.738568227999963 ], [ -51.622987590999969, -9.734386873999938 ], [ -51.49568235199996, -9.755862033999961 ], [ -51.494434872999932, -9.783734325999944 ], [ -51.476344731999973, -9.790901178999945 ], [ -50.746465706312016, -9.800391622457036 ], [ -50.238811601999942, -9.842330526999945 ], [ -50.165619287999959, -9.621715515999938 ], [ -50.120690259999947, -9.577522745999943 ], [ -50.125689836999982, -9.42556406999995 ], [ -50.069401353999979, -9.358244160999959 ], [ -50.046349118999956, -9.269805806999955 ], [ -49.982479172999945, -9.203923509999981 ], [ -49.904192301999956, -9.155765819999942 ], [ -49.864334269999972, -9.060167346999947 ], [ -49.711817405999966, -8.881530354999938 ], [ -49.62621375599997, -8.856081867999933 ], [ -49.563534767999954, -8.796769363999942 ], [ -49.488282160999972, -8.660667478999926 ], [ -49.444355435999967, -8.618442528999935 ], [ -49.421201782999958, -8.530150700999968 ], [ -49.36449804199998, -8.421449593999967 ], [ -49.268643340999972, -8.329041973999949 ], [ -49.245374566999942, -8.240656362999971 ], [ -49.211314279999954, -8.181606946999977 ], [ -49.191412130999936, -7.993716406999965 ], [ -49.148372160999941, -7.931944955999938 ], [ -49.134914930999969, -7.813907817999961 ], [ -49.286699686999953, -7.708451107999963 ], [ -49.359919830999957, -7.675716617999967 ], [ -49.381293346999939, -7.498553128999959 ], [ -49.374112107999963, -7.474294842999939 ], [ -49.271351722999952, -7.386212416999967 ], [ -49.244227371999955, -7.313766594999947 ], [ -49.195333627999958, -7.255060123999954 ], [ -49.21530142499995, -6.89449872299997 ], [ -49.060495437999975, -6.807791182999949 ], [ -49.024963828999944, -6.772065600999952 ], [ -48.824475822999943, -6.749759572999949 ], [ -48.726947825999957, -6.693120585999964 ], [ -48.68136610199997, -6.63419683199993 ], [ -48.706171414999972, -6.576451849999955 ], [ -48.657755398999939, -6.555614489999925 ], [ -48.645905098999947, -6.494031701999972 ], [ -48.558868353999969, -6.422890930999927 ], [ -48.52597376999995, -6.375665669999933 ], [ -48.417577046999952, -6.356375790999948 ], [ -48.432478576999983, -6.250873241999955 ], [ -48.409520285999974, -6.180971286999977 ], [ -48.318948715999966, -6.147745193999981 ], [ -48.304784865999977, -6.125453805999939 ], [ -48.299760386999935, -6.063279406999925 ], [ -48.350685736999935, -6.024962967999954 ], [ -48.362211166999941, -5.985968534999927 ], [ -48.260837088999949, -5.951939942999957 ], [ -48.293003577999968, -5.885542957999974 ], [ -48.304954218999967, -5.792001118999963 ], [ -48.195031401999984, -5.752803100999927 ], [ -48.173097324999958, -5.614906932999929 ], [ -48.292168935999939, -5.579074607999928 ], [ -48.345853254999952, -5.524940001999937 ], [ -48.368532512999934, -5.443036891999952 ], [ -48.39174385299998, -5.423708366999961 ], [ -48.44146817099994, -5.41802314499995 ], [ -48.540554954999948, -5.461424918999967 ], [ -48.61529128899997, -5.429924071999949 ], [ -48.748585760999958, -5.411894264999944 ], [ -48.769622822999963, -5.381871875999934 ], [ -48.710933466999961, -5.314447192999978 ], [ -48.509444149999979, -5.162837881999963 ], [ -48.459452260999967, -5.100871641999959 ], [ -48.289501738999945, -5.009977977999938 ], [ -48.18368720899997, -4.976486963999946 ], [ -48.036137462999932, -4.810731632999932 ], [ -47.878535537999937, -4.673114809999959 ], [ -47.682565847999967, -4.657222059999981 ], [ -47.596778172999961, -4.547176146999959 ], [ -47.568430153999941, -4.46633821699993 ], [ -47.507370424999976, -4.384211756999946 ], [ -47.34799553199997, -4.230949579999958 ], [ -47.347686295999949, -4.21238238899997 ], [ -47.39518770799998, -4.180351224999924 ], [ -47.401359970999977, -4.154031713999927 ], [ -47.293868240999984, -4.072127051999928 ], [ -47.279198434999955, -4.028576832999931 ], [ -47.208320106999963, -3.989849865999929 ], [ -47.181678575999968, -3.911357108999937 ], [ -47.076357741999971, -3.85535828999997 ], [ -47.060338478999938, -3.59030755699996 ], [ -47.02417999599993, -3.556219846999966 ], [ -47.000183642999957, -3.488261135999949 ], [ -46.94250315599993, -3.430222084999969 ], [ -46.855269527999951, -3.392633972999931 ], [ -46.827742004999948, -3.317463091999969 ], [ -46.787653862999946, -3.278756867999959 ], [ -46.76837018699996, -3.200649294999948 ], [ -46.729189254999937, -3.161830476999967 ], [ -46.709719862999975, -3.083771819999924 ], [ -46.67181407399994, -3.044645627999955 ], [ -46.660663799999952, -2.925316989999942 ], [ -46.609918557999947, -2.860524028999976 ], [ -46.66010778499998, -2.807201659999976 ], [ -46.668547683999975, -2.755691259999935 ], [ -46.608018425999944, -2.705943420999972 ], [ -46.517992352999954, -2.683512201999974 ], [ -46.452526736999971, -2.610980317999974 ], [ -46.445608122999943, -2.54166676799997 ], [ -46.481764412999951, -2.511285405999956 ], [ -46.500733729999979, -2.434585091999963 ], [ -46.398696796999957, -2.329064133999964 ], [ -46.341302242999973, -2.152889194999943 ], [ -46.298870909999948, -2.103572543999974 ], [ -46.28355178299995, -1.982396598999969 ], [ -46.252026519999959, -1.916749006999964 ], [ -46.351167441999962, -1.88446834399997 ], [ -46.359278760999985, -1.85440247799994 ], [ -46.345948336999982, -1.82570721999997 ], [ -46.305660425999974, -1.804851976999942 ], [ -46.220172279999986, -1.792732803999968 ], [ -46.208079812999983, -1.732064788999935 ], [ -46.178715713999964, -1.696034289999943 ], [ -46.171297426999956, -1.643874342999936 ], [ -46.189356307999958, -1.581687054999975 ], [ -46.174302359999956, -1.45306353999996 ], [ -46.189940724999985, -1.392952041999933 ], [ -46.174202544999957, -1.328322655999955 ], [ -46.158794822999937, -1.301425320999954 ], [ -46.10679031199993, -1.287072424999963 ], [ -46.088146657999971, -1.260613907999925 ], [ -46.043301504999931, -1.243069907999939 ], [ -46.103895036999972, -1.158443165999927 ], [ -46.141253700999982, -1.12147400799995 ], [ -46.170671391999974, -1.117460067999957 ], [ -46.208972456999959, -1.168639227999961 ], [ -46.242817682999942, -1.122362823999936 ], [ -46.303684455999985, -1.109383406999939 ], [ -46.317082293999931, -1.048883717999956 ], [ -46.437262045999944, -1.034699108999973 ], [ -46.457708421999939, -0.925252799999953 ], [ -46.527894566999976, -0.923228249999966 ], [ -46.57052114499993, -0.975192384999957 ], [ -46.627687845999958, -0.978201651999939 ], [ -46.650283929999944, -0.929462325999964 ], [ -46.676247155999931, -0.911415890999933 ], [ -46.688381296999978, -0.850354060999962 ], [ -46.822542331999955, -0.840654398999959 ], [ -46.855410593999977, -0.806144235999966 ], [ -46.908793635999984, -0.810838400999955 ], [ -46.926165432999937, -0.898376304999942 ], [ -47.007807174999982, -0.902478117999976 ], [ -47.030504079999957, -0.887989077999976 ], [ -47.039557588999969, -0.791561096999942 ], [ -47.119981754999969, -0.792271142999937 ], [ -47.218331829999954, -0.761743362999937 ], [ -47.26591673799993, -0.708630980999942 ], [ -47.398928244999979, -0.708106738999959 ], [ -47.452533148999976, -0.734300419999954 ], [ -47.533983173999957, -0.707798511999954 ], [ -47.572985526999958, -0.739998984999943 ], [ -47.626806051999949, -0.671742448999964 ], [ -47.649859889999959, -0.674752757999954 ], [ -47.671512932999974, -0.703872437999962 ], [ -47.744050912999967, -0.707332459999975 ], [ -47.767146863999983, -0.700040155999943 ], [ -47.789490413999943, -0.651018597999951 ], [ -47.893082572999958, -0.648131019999937 ], [ -47.960033446999944, -0.672552590999942 ], [ -47.983444587999941, -0.711108927999931 ], [ -48.03770803599997, -0.740157310999962 ], [ -48.209869628999968, -0.683923113999924 ], [ -48.237560009999982, -0.651679292999972 ], [ -48.447163135999972, -0.585391178999942 ], [ -48.471360434999951, -0.521715357999938 ], [ -48.443868609999981, -0.483034167999961 ], [ -48.457999299999983, -0.33692790799995 ], [ -48.481969407999941, -0.302330308999956 ], [ -48.606021210999984, -0.278075120999972 ], [ -49.047366744999977, -0.272897043999933 ], [ -49.126186066999935, -0.205109038999979 ], [ -49.202969626999959, -0.187050065999927 ], [ -49.388794637999979, -0.096755104999943 ], [ -49.430674120999981, -0.018096835999927 ], [ -49.543674487999965, -0.00317840699995 ], [ -49.582369420999953, 0.018125760000032 ], [ -49.696153411999944, 0.26379513400002 ], [ -49.747085770999945, 0.252601183000024 ], [ -49.798953857999948, 0.267394985000067 ], [ -49.956672136999941, 0.232653915000071 ], [ -50.028131263999967, 0.234598315000028 ], [ -50.027214080999954, 0.282511835000037 ], [ -50.094638928999984, 0.283290471000043 ], [ -50.111437013999932, 0.498748053000043 ], [ -50.101479563999931, 0.55209394000002 ], [ -50.184277209999948, 0.596374013000059 ], [ -50.217311373999962, 0.598924818000057 ], [ -50.389122768999982, 0.589172452000071 ], [ -50.481461003999982, 0.522079640000072 ], [ -50.508968636999953, 0.395544543000028 ], [ -50.559154960999933, 0.342751145000022 ], [ -50.579591810999943, 0.281995325000025 ], [ -50.692469959999983, 0.123732964000055 ], [ -50.789453622999986, 0.065289361000055 ], [ -50.987344599999972, -0.006893032999926 ], [ -51.03092570299998, -0.073431622999976 ], [ -51.141978881999933, -0.147482339999954 ], [ -51.292204642999934, -0.175140243999977 ], [ -51.319287666999969, -0.266548001999979 ], [ -51.39213446399998, -0.334309780999945 ], [ -51.407728257999963, -0.424923069999977 ], [ -51.45682663599996, -0.476692595999964 ], [ -51.506590700999936, -0.589670805999958 ], [ -51.583135659999982, -0.626125325999965 ], [ -51.598640185999955, -0.683256422999932 ], [ -51.665780061999953, -0.79444777599997 ], [ -51.724506315999975, -0.841030667999974 ], [ -51.755078018999939, -1.110480700999972 ], [ -51.871484562999967, -1.208637314999976 ], [ -52.057869181999934, -1.198020054999972 ], [ -52.128939215999935, -1.281821039999954 ], [ -52.163539796999942, -1.167427347999933 ], [ -52.332058762999964, -1.14755148699993 ], [ -52.382828438999979, -1.106244151999931 ], [ -52.475966645999961, -1.080763751999939 ], [ -52.466613109999969, -0.920988226999953 ], [ -52.541165174999946, -0.900936377999926 ], [ -52.553757584999971, -0.88433312199993 ], [ -52.530402788999936, -0.779098182999974 ], [ -52.549936086999935, -0.639672885999971 ], [ -52.61281063399997, -0.608566283999949 ], [ -52.686109527999974, -0.620224662999931 ], [ -52.726799463999953, -0.548467462999952 ], [ -52.711200550999934, -0.450346905999936 ], [ -52.719893291999938, -0.338491588999943 ], [ -52.814824918999932, -0.302615476999961 ], [ -52.856142906999935, -0.214977337999926 ], [ -52.992374105999943, -0.181666851999978 ], [ -53.006822092999982, -0.075782149999952 ], [ -53.041052085999979, -0.026860872999976 ], [ -53.04759919199995, 0.062911381000049 ], [ -53.09389994299994, 0.081248745000039 ], [ -53.109415038999941, 0.124274608000064 ], [ -53.155842131999975, 0.142632950000063 ], [ -53.162818374999972, 0.273032796000052 ], [ -53.217475559999968, 0.30823986200005 ], [ -53.217076307999946, 0.484262798000032 ], [ -53.168258896999987, 0.524479021000047 ], [ -53.157287422999957, 0.616508879000037 ], [ -53.209597389999942, 0.656127482000045 ], [ -53.243095048999976, 0.717178473000047 ], [ -53.318540589999941, 0.746723169000063 ], [ -53.348861085999943, 0.80238832200007 ], [ -53.442514436999943, 0.870733251000047 ], [ -53.461571063999941, 0.949242453000068 ], [ -53.501956659999962, 0.988132195000048 ], [ -53.51441449899994, 1.030777964000038 ], [ -53.508828535999953, 1.053903651000041 ], [ -53.460847706999971, 1.090178482000056 ], [ -53.459751907999987, 1.144346350000035 ], [ -53.492615772999955, 1.16517828700006 ], [ -53.543537393999941, 1.152842476000046 ], [ -53.602406370999972, 1.192113240000026 ], [ -53.638655022999956, 1.318023321000055 ], [ -53.752120943999955, 1.35504634800003 ], [ -53.783646272999931, 1.324153929000033 ], [ -53.867873098999951, 1.32429240700003 ], [ -53.971034937999946, 1.426662298000053 ], [ -54.106015725999953, 1.451609261000044 ], [ -54.149112045999971, 1.492590694000057 ], [ -54.180145053999979, 1.569149623000044 ], [ -54.253327913999954, 1.585266299000068 ], [ -54.367365777999964, 1.701134452000076 ], [ -54.785750718999964, 1.726227999000059 ], [ -54.806922181999937, 1.899530563000042 ], [ -54.849951283999985, 1.948543373000064 ], [ -54.862487230999932, 2.017602953000051 ], [ -54.800843271999952, 2.139696313000059 ], [ -54.848967326999968, 2.249185362000048 ], [ -54.905209961999958, 2.326287241000045 ], [ -54.948112475999949, 2.45516419300003 ], [ -55.014011550999953, 2.530958397000063 ], [ -55.083433797999987, 2.527637124000023 ], [ -55.127382491999981, 2.47584523200004 ], [ -55.208726595999963, 2.49249227200005 ], [ -55.35579482299994, 2.469562925000048 ], [ -55.405504717999975, 2.395697426000027 ], [ -55.514667180999936, 2.414103308000051 ], [ -55.643397372999971, 2.412026195000067 ], [ -55.670249792999982, 2.36809971200006 ], [ -55.664769190999948, 2.344242587000053 ], [ -55.688853147999964, 2.336035223000067 ], [ -55.764574116999938, 2.340426100000059 ], [ -55.769219589999977, 2.399419735000038 ], [ -55.861710511999945, 2.419437789000028 ], [ -55.887957367999945, 2.450946162000037 ], [ -55.982968279999966, 2.447127265000063 ], [ -55.999111133999975, 2.352191901000026 ], [ -56.123715491999974, 2.272334971000021 ], [ -56.161479215999975, 2.229776991000051 ], [ -56.178670056999977, 2.17164374500004 ], [ -56.163623481999934, 2.146637732000045 ], [ -56.035897634999969, 2.075432673000023 ], [ -56.023009749999972, 2.013613072000055 ], [ -55.991169420999938, 2.017600370000025 ], [ -55.937125353999932, 1.982217910000031 ], [ -55.949938376999967, 1.909132227000043 ], [ -55.937062824999941, 1.855622126000071 ], [ -55.983897913999954, 1.793025905000036 ], [ -56.111740162999979, 1.79249375400002 ], [ -56.197272058999943, 1.846225121000032 ], [ -56.308106409999937, 1.852470298000071 ], [ -56.342337208999936, 1.88651932800002 ], [ -56.530183159999979, 1.888792020000039 ], [ -56.586654478999947, 1.90703275900006 ], [ -56.766584112999965, 1.906536851000055 ], [ -56.837376457999937, 1.852926303000061 ], [ -56.88549872699997, 1.864809163000075 ], [ -56.919821062999972, 1.855315136000058 ], [ -56.940721038999982, 1.90492258300003 ], [ -57.055020852999974, 1.897273744000074 ], [ -57.098064177999959, 1.955989985000031 ], [ -57.218939403999968, 1.968047131000048 ], [ -57.265732008999976, 1.997798236000051 ], [ -57.347172286999978, 1.957394071000067 ], [ -57.346091745999956, 1.912735734000023 ], [ -57.409658260999947, 1.897652998000069 ], [ -57.464533400999983, 1.793972910000036 ], [ -57.506888704999938, 1.760057300000028 ], [ -57.522217706999982, 1.69675423700005 ], [ -57.62910173299997, 1.710433619000071 ], [ -57.669891121999967, 1.676198789000068 ], [ -57.797635642999978, 1.70577238900006 ], [ -57.840411390999975, 1.685423191000041 ], [ -57.873612926999954, 1.638857705000021 ], [ -57.973297585999944, 1.627586128000075 ], [ -57.982554702999948, 1.551336055000036 ], [ -58.005763814999966, 1.536585559000059 ], [ -58.29188155099996, 1.576998934000073 ], [ -58.348130764999951, 1.607789338000032 ], [ -58.418825609999942, 1.482580709000047 ], [ -58.452964794999957, 1.467323494000027 ], [ -58.53939468599998, 1.472043573000064 ], [ -58.549735045999967, 1.350554853000062 ], [ -58.606911051999987, 1.271157587000062 ], [ -58.696236967999937, 1.252908106000064 ], [ -58.746227374999933, 1.211395598000024 ], [ -58.798436228999947, 1.223227818000055 ], [ -58.864103010999941, 1.202875489000064 ], [ -58.877699341884146, 1.178246167399784 ] ] ] } },
{ "type": "Feature", "properties": { "shapeName": "Maranhao", "shapeISO": "BR-MA", "shapeID": "14911670B41041569544971", "shapeGroup": "BRA", "shapeType": "ADM1", "region": "Northeast" }, "geometry": { "type": "Polygon", "coordinates": [ [ [ -48.454458867999961, -5.097940947999973 ], [ -48.519813591999934, -5.187452421999978 ], [ -48.38304031499996, -5.19886146999994 ], [ -48.336714803999939, -5.237383601999966 ], [ -48.148721098999943, -5.290397457999973 ], [ -47.97462031799995, -5.246238824999978 ], [ -47.927970355999946, -5.282035470999972 ], [ -47.89430742899998, -5.373261364999962 ], [ -47.86511141099993, -5.400603371999978 ], [ -47.673347683999964, -5.43169020199997 ], [ -47.515088745999947, -5.508960952999928 ], [ -47.492576358999941, -5.801264810999953 ], [ -47.450695293999956, -5.901641070999972 ], [ -47.43436862599998, -6.183312575999935 ], [ -47.382351366999956, -6.238873740999964 ], [ -47.381392756999958, -6.270675897999979 ], [ -47.395022812999969, -6.315625810999961 ], [ -47.433531461999962, -6.362124821999942 ], [ -47.450732804999973, -6.590124501999981 ], [ -47.492469272999983, -6.652710054999943 ], [ -47.522876672999985, -6.848703201999967 ], [ -47.508735584999954, -6.909912648999978 ], [ -47.556315176999931, -6.981635376999975 ], [ -47.571749663999981, -7.052633034999928 ], [ -47.640134349999983, -7.150851048999925 ], [ -47.778487667999968, -7.174874382999974 ], [ -47.793926875999944, -7.194891405999954 ], [ -47.694932242999982, -7.248601375999954 ], [ -47.667867962999935, -7.336265683999954 ], [ -47.632072523999966, -7.326359785999955 ], [ -47.594700376999981, -7.280674584999929 ], [ -47.501585391999981, -7.296488143999966 ], [ -47.508478398999955, -7.398006473999942 ], [ -47.565156732999981, -7.43668839999998 ], [ -47.574265091999962, -7.466901273999952 ], [ -47.512609574999942, -7.48139514199994 ], [ -47.491347610999981, -7.529873241999951 ], [ -47.394398722999938, -7.558560352999962 ], [ -47.376235470999973, -7.604178531999935 ], [ -47.332621006999943, -7.61890053299993 ], [ -47.322581968999941, -7.733259700999952 ], [ -47.271710932999952, -7.758013668999979 ], [ -47.262658922999947, -7.852783475999956 ], [ -47.128143120999937, -7.936024448999945 ], [ -47.101801127999977, -8.00218474299993 ], [ -47.04160842899995, -8.072386704999928 ], [ -47.004840268999942, -8.072036945999969 ], [ -46.986493453999969, -8.025554979999981 ], [ -46.926232221999953, -8.012578842999972 ], [ -46.893709853999951, -7.97111504999998 ], [ -46.780174639999984, -7.952325138999981 ], [ -46.732514908999974, -7.918243491999931 ], [ -46.610385821999955, -7.927337863999981 ], [ -46.562957575999974, -7.971784751999962 ], [ -46.467326466999964, -7.992942692999975 ], [ -46.47238052299997, -8.108737660999964 ], [ -46.522909431999949, -8.224946521999925 ], [ -46.52976469999993, -8.316839874999971 ], [ -46.671760698999947, -8.381217839999977 ], [ -46.806523755999933, -8.39568927199997 ], [ -46.828751214999954, -8.46413298799996 ], [ -46.868289284999946, -8.502976498999942 ], [ -46.887857784999937, -8.580469187999938 ], [ -46.933509752999953, -8.61486752299993 ], [ -46.917834567999932, -8.68968085299997 ], [ -46.93361368799998, -8.732903298999929 ], [ -46.939577357999951, -8.856744512999967 ], [ -46.986402874999953, -8.874464083999953 ], [ -47.026846142999943, -8.92852569799993 ], [ -47.063143193999963, -9.044305552999958 ], [ -47.110553810999932, -9.08867080899995 ], [ -47.085992959999942, -9.111718509999946 ], [ -46.95029960599993, -9.126865616999964 ], [ -46.886648604999948, -9.166919280999934 ], [ -46.819492217999937, -9.230816790999938 ], [ -46.829238442999952, -9.260657551999941 ], [ -46.87330155799998, -9.288487402999976 ], [ -46.831427166999958, -9.322017002999928 ], [ -46.809479909999936, -9.371353251999949 ], [ -46.696645953999962, -9.401734620999946 ], [ -46.630743152999969, -9.491372729999966 ], [ -46.588630844999955, -9.522342371999969 ], [ -46.569138218999967, -9.597270268999978 ], [ -46.590783848999934, -9.657904419999966 ], [ -46.644082676999972, -9.696099506999929 ], [ -46.639076339999974, -9.758083669999962 ], [ -46.571236110999962, -9.835471552999934 ], [ -46.478580176999969, -9.866931053999963 ], [ -46.458785615999943, -10.032916161999935 ], [ -46.416887654999982, -10.082679753999969 ], [ -46.387703939999938, -10.174767767999981 ], [ -46.22134837599998, -10.20268503099993 ], [ -46.17013613499995, -10.232349456999941 ], [ -46.071479118999946, -10.191729667999937 ], [ -45.99210394499994, -10.226261638999972 ], [ -45.927029317999938, -10.228090942999927 ], [ -45.902482042999964, -10.198813065999957 ], [ -45.891726365999943, -10.055438884999944 ], [ -45.849754447999942, -9.977288585999929 ], [ -45.83428048299993, -9.561001001999955 ], [ -45.786935436999954, -9.481007107999972 ], [ -45.897421179999981, -9.37770980199997 ], [ -45.904588650999983, -9.185054093999952 ], [ -45.925486992999936, -9.128351656999939 ], [ -45.956702178999933, -9.102686835999975 ], [ -45.964339905999964, -9.012763125999982 ], [ -46.01147360899995, -8.994906660999959 ], [ -46.017043601999944, -8.950925240999936 ], [ -45.963463587999968, -8.857294484999954 ], [ -45.952982432999931, -8.777351672999941 ], [ -45.852998210999942, -8.766558568999926 ], [ -45.837447851999968, -8.704721221999932 ], [ -45.806209931999945, -8.67985314699996 ], [ -45.774914311999964, -8.541990397999939 ], [ -45.73304868799994, -8.492663080999932 ], [ -45.669929719999971, -8.234375327999942 ], [ -45.598217257999977, -8.209308171999965 ], [ -45.572499639999933, -8.182741165999971 ], [ -45.56821466699995, -7.883759555999973 ], [ -45.515484783999966, -7.85257186299998 ], [ -45.503789840999957, -7.75440016899995 ], [ -45.459754978999968, -7.739920982999934 ], [ -45.436997657999939, -7.695620428999973 ], [ -45.31926545999994, -7.58289788999997 ], [ -45.180604453999933, -7.565329972999962 ], [ -45.127995805999944, -7.520821608999938 ], [ -44.945490492999966, -7.507614032999925 ], [ -44.852490067999952, -7.426995180999938 ], [ -44.730294231999949, -7.411699250999959 ], [ -44.609727674999931, -7.370834424999941 ], [ -44.577961583999979, -7.25217472099996 ], [ -44.433921236999936, -7.177037114999962 ], [ -44.402129848999948, -7.13756553199994 ], [ -44.320477654999934, -7.114758679999966 ], [ -44.19615945399994, -7.019938033999949 ], [ -44.174255658999982, -6.911855403999937 ], [ -44.098961419999966, -6.883306095999956 ], [ -44.065646890999972, -6.787175156999979 ], [ -43.877413306999983, -6.773233356999981 ], [ -43.808055778999972, -6.738985057999969 ], [ -43.766736022999964, -6.737038514999938 ], [ -43.64285124099996, -6.752663009999935 ], [ -43.586154361999945, -6.786681950999935 ], [ -43.560024116999955, -6.836230731999933 ], [ -43.31610692199996, -6.832769054999972 ], [ -43.261375724999937, -6.78498783799995 ], [ -43.026952714999936, -6.771230439999954 ], [ -42.96493875699997, -6.730539417999978 ], [ -42.908113962999948, -6.642165539999951 ], [ -42.88024861699995, -6.334721190999971 ], [ -42.929894562999948, -6.266339867999932 ], [ -42.996445288999951, -6.227838645999952 ], [ -43.05773219699995, -6.165797675999954 ], [ -43.08103056799996, -6.045324860999926 ], [ -43.131847391999941, -5.982236315999955 ], [ -43.107853808999948, -5.922244865999971 ], [ -43.13330104399995, -5.835230966999973 ], [ -43.107053679999979, -5.774381278999954 ], [ -43.127929805999941, -5.668679385999951 ], [ -43.026678846999971, -5.603125957999964 ], [ -42.99629424799997, -5.507793811999932 ], [ -42.851342898999974, -5.40633274299995 ], [ -42.831840470999964, -5.190399341999978 ], [ -42.835467287999961, -5.136659514999963 ], [ -42.886234160999948, -5.056297785999959 ], [ -42.905350304999956, -4.918742619999932 ], [ -42.946896153999944, -4.869263226999976 ], [ -42.959061144999964, -4.774320582999962 ], [ -42.956378468999958, -4.728395608999961 ], [ -42.903939899999955, -4.642244493999954 ], [ -42.891840377999984, -4.516419586999973 ], [ -42.987059403999979, -4.403367075999938 ], [ -43.033261846999949, -4.37177152199996 ], [ -43.023668122999936, -4.277554586999941 ], [ -43.00547010799994, -4.251166412999964 ], [ -42.928760269999941, -4.222089877999963 ], [ -42.855370446999984, -4.087183641999957 ], [ -42.796278271999938, -4.050864187999935 ], [ -42.746587727999952, -3.994694871999968 ], [ -42.73625808099996, -3.894635458999971 ], [ -42.672905218999972, -3.752202331999968 ], [ -42.574861889999966, -3.633287740999947 ], [ -42.537884026999961, -3.550727602999928 ], [ -42.265144446999955, -3.531157696999969 ], [ -42.24121766199994, -3.500712076999946 ], [ -42.179250027999956, -3.473679537999942 ], [ -42.139380425999946, -3.407468342999948 ], [ -42.128198440999938, -3.346155515999953 ], [ -42.005262693999953, -3.332832567999958 ], [ -41.988945071999979, -3.276696938999976 ], [ -41.943317300999979, -3.233364799999947 ], [ -41.926918628999942, -3.175933192999935 ], [ -41.824939400999938, -3.080089216999966 ], [ -41.826116725999952, -3.050905980999971 ], [ -41.873151624999934, -3.007446883999933 ], [ -41.879988761999982, -2.928305343999966 ], [ -41.87646541099997, -2.901799451999977 ], [ -41.829779259999953, -2.868531799999971 ], [ -41.825670449999961, -2.841728755999952 ], [ -41.86117132499993, -2.814306527999975 ], [ -42.061595710999939, -2.810694833999946 ], [ -42.081733318999966, -2.764875039999936 ], [ -42.100824169999953, -2.755312491999973 ], [ -42.127394425999967, -2.761604070999965 ], [ -42.152505803999929, -2.810935443999938 ], [ -42.261956582999971, -2.755225721999977 ], [ -42.283563947999937, -2.761674267999979 ], [ -42.310751293999942, -2.812014057999932 ], [ -42.491082414999937, -2.811055711999927 ], [ -42.516127396999934, -2.739680522999947 ], [ -42.64150796399997, -2.732471716999953 ], [ -42.727205805999972, -2.651824568999928 ], [ -42.899565676999941, -2.626516773999924 ], [ -43.145648952999977, -2.54957184899996 ], [ -43.194392187999938, -2.501727806999952 ], [ -43.202262841999982, -2.458801396999945 ], [ -43.342553902999953, -2.389848263999966 ], [ -43.401101911999945, -2.378895040999964 ], [ -43.556606661999979, -2.397486783999966 ], [ -43.65516415999997, -2.307644818999961 ], [ -43.701670672999967, -2.313960047999956 ], [ -43.831736656999965, -2.377125171999978 ], [ -43.850933536999946, -2.423421442999938 ], [ -43.840569770999934, -2.478388172999928 ], [ -43.960658341999931, -2.525237582999978 ], [ -43.993305177999957, -2.553382056999965 ], [ -44.061510221999981, -2.510172822999948 ], [ -44.194121025999948, -2.53424542099998 ], [ -44.243337928999949, -2.522690168999929 ], [ -44.258959963999985, -2.573968374999936 ], [ -44.350838974999931, -2.575997252999969 ], [ -44.393941506999965, -2.525885594999977 ], [ -44.401060730999973, -2.397931170999925 ], [ -44.451079237999977, -2.319132230999969 ], [ -44.439600092999967, -2.26482386999993 ], [ -44.475905036999961, -2.202426918999947 ], [ -44.46417990499998, -2.138895195999964 ], [ -44.510194625999929, -2.121190120999927 ], [ -44.558904666999979, -1.964938955999969 ], [ -44.600884545999975, -1.943320595999978 ], [ -44.627191846999949, -1.947069922999958 ], [ -44.666697821999946, -1.880348510999966 ], [ -44.76627370999995, -1.845576383999969 ], [ -44.745472758999938, -1.771957032999978 ], [ -44.718795977999946, -1.771204089999969 ], [ -44.712210287999937, -1.734214498999961 ], [ -44.717572078999979, -1.709535057999972 ], [ -44.744407060999947, -1.690930440999978 ], [ -44.756882440999959, -1.631097150999949 ], [ -44.820701817999975, -1.616824178999934 ], [ -44.890841364999972, -1.526883668999972 ], [ -44.961811491999981, -1.565526388999956 ], [ -45.105791873999976, -1.562709022999968 ], [ -45.166087062999964, -1.512693758999944 ], [ -45.199751700999968, -1.564285947999963 ], [ -45.281573966999986, -1.563379232999978 ], [ -45.355029069999944, -1.529022131999966 ], [ -45.405332443999953, -1.55870078199996 ], [ -45.421004152999956, -1.515025289999926 ], [ -45.468176444999983, -1.493435729999931 ], [ -45.458962472999985, -1.416522583999949 ], [ -45.502763045999984, -1.386126377999972 ], [ -45.518299620999983, -1.338564646999941 ], [ -45.556064525999943, -1.367401297999947 ], [ -45.605544962999943, -1.326905357999976 ], [ -45.629207645999941, -1.246928147999938 ], [ -45.715841179999984, -1.222227741999973 ], [ -45.732921556999941, -1.285922104999941 ], [ -45.76445027799997, -1.291627206999976 ], [ -45.813954188999958, -1.218788147999931 ], [ -45.887702503999947, -1.21027509299995 ], [ -45.912162542999965, -1.179327757999943 ], [ -45.944831122999972, -1.177531869999939 ], [ -45.984889421999981, -1.227939471999946 ], [ -46.084756057999982, -1.258361192999928 ], [ -46.103387666999936, -1.284825872999932 ], [ -46.170581158999937, -1.317543271999966 ], [ -46.189940724999985, -1.392952041999933 ], [ -46.174302359999956, -1.45306353999996 ], [ -46.189356307999958, -1.581687054999975 ], [ -46.171297426999956, -1.643874342999936 ], [ -46.178715713999964, -1.696034289999943 ], [ -46.208079812999983, -1.732064788999935 ], [ -46.220172279999986, -1.792732803999968 ], [ -46.305660425999974, -1.804851976999942 ], [ -46.345948336999982, -1.82570721999997 ], [ -46.360235461999935, -1.859800306999944 ], [ -46.351167441999962, -1.88446834399997 ], [ -46.252026519999959, -1.916749006999964 ], [ -46.28355178299995, -1.982396598999969 ], [ -46.298870909999948, -2.103572543999974 ], [ -46.341302242999973, -2.152889194999943 ], [ -46.398696796999957, -2.329064133999964 ], [ -46.500733729999979, -2.434585091999963 ], [ -46.481764412999951, -2.511285405999956 ], [ -46.445608122999943, -2.54166676799997 ], [ -46.452526736999971, -2.610980317999974 ], [ -46.517992352999954, -2.683512201999974 ], [ -46.608018425999944, -2.705943420999972 ], [ -46.668547683999975, -2.755691259999935 ], [ -46.66010778499998, -2.807201659999976 ], [ -46.609918557999947, -2.860524028999976 ], [ -46.660663799999952, -2.925316989999942 ], [ -46.67181407399994, -3.044645627999955 ], [ -46.709719862999975, -3.083771819999924 ], [ -46.729189254999937, -3.161830476999967 ], [ -46.76837018699996, -3.200649294999948 ], [ -46.787653862999946, -3.278756867999959 ], [ -46.827742004999948, -3.317463091999969 ], [ -46.855269527999951, -3.392633972999931 ], [ -46.94250315599993, -3.430222084999969 ], [ -47.000183642999957, -3.488261135999949 ], [ -47.02417999599993, -3.556219846999966 ], [ -47.060338478999938, -3.59030755699996 ], [ -47.076357741999971, -3.85535828999997 ], [ -47.181678575999968, -3.911357108999937 ], [ -47.208320106999963, -3.989849865999929 ], [ -47.279198434999955, -4.028576832999931 ], [ -47.293868240999984, -4.072127051999928 ], [ -47.401359970999977, -4.154031713999927 ], [ -47.39518770799998, -4.180351224999924 ], [ -47.347686295999949, -4.21238238899997 ], [ -47.34799553199997, -4.230949579999958 ], [ -47.507370424999976, -4.384211756999946 ], [ -47.568430153999941, -4.46633821699993 ], [ -47.596778172999961, -4.547176146999959 ], [ -47.679828252999982, -4.654749394999953 ], [ -47.874249382999949, -4.670299392999937 ], [ -48.036137462999932, -4.810731632999932 ], [ -48.18368720899997, -4.976486963999946 ], [ -48.289501738999945, -5.009977977999938 ], [ -48.454458867999961, -5.097940947999973 ] ] ] } },
{ "type": "Feature", "properties": { "shapeName": "Ceara", "shapeISO": "BR-CE", "shapeID": "14911670B7632012573600", "shapeGroup": "BRA", "shapeType": "ADM1", "region": "Northeast" }, "geometry": { "type": "Polygon", "coordinates": [ [ [ -37.61778835299998, -5.029291101999945 ], [ -37.456324003999953, -4.957195415999934 ], [ -37.317993118999937, -4.946474139999964 ], [ -37.245752635999963, -4.913475353999956 ], [ -37.23942573599993, -4.871204144999979 ], [ -37.270401341999957, -4.846667069999967 ], [ -37.283479631999967, -4.806777908999948 ], [ -37.327097261999938, -4.791679085999931 ], [ -37.358174375999965, -4.728341967999938 ], [ -37.399083087999941, -4.737383774999955 ], [ -37.49681318699993, -4.702845055999944 ], [ -37.562318834999985, -4.715623626999957 ], [ -37.581414726999981, -4.66783814799993 ], [ -37.678365575999976, -4.616893876999939 ], [ -37.693096771999933, -4.573357361999967 ], [ -37.752179308999985, -4.528769198999953 ], [ -37.790367192999952, -4.436537776999955 ], [ -37.902290234999953, -4.398196826999936 ], [ -37.97796158999995, -4.32084320599995 ], [ -38.033439109999961, -4.291928387999974 ], [ -38.08253194599996, -4.202106107999953 ], [ -38.186121114999935, -4.111647071999926 ], [ -38.200578506999932, -4.067304250999939 ], [ -38.245640889999947, -4.053436437999949 ], [ -38.360837236999942, -3.959562011999935 ], [ -38.37643946299994, -3.911885345999963 ], [ -38.420170843999983, -3.897112948999961 ], [ -38.436532396999951, -3.791765219999945 ], [ -38.654811202999952, -3.780099207999967 ], [ -38.727563058999976, -3.735856231999946 ], [ -38.788025568999956, -3.74440795199996 ], [ -38.779965614999981, -3.669656936999957 ], [ -38.797412303999977, -3.642097641999953 ], [ -38.846705319999955, -3.645677905999946 ], [ -38.867436231999932, -3.617555692999929 ], [ -38.907971535999934, -3.60514862499997 ], [ -38.996459412999968, -3.500563340999975 ], [ -39.087518025999941, -3.481885824999949 ], [ -39.163421162999953, -3.431424719999939 ], [ -39.255621642999984, -3.307096241999943 ], [ -39.288561885999968, -3.304670473999977 ], [ -39.353501310999945, -3.262085786999933 ], [ -39.41592964299997, -3.270719628999927 ], [ -39.442151211999942, -3.224095448999947 ], [ -39.544561065999972, -3.237171906999947 ], [ -39.624543247999952, -3.131786683999962 ], [ -39.744158992999985, -3.120661489999975 ], [ -39.776566528999979, -3.055031723999946 ], [ -39.847774502999982, -3.040704331999962 ], [ -39.893006359999958, -2.980303326999945 ], [ -39.934580503999939, -2.982267863999937 ], [ -39.994077313999981, -2.950440650999951 ], [ -40.247070593999979, -2.947584517999928 ], [ -40.364849355999979, -2.907804064999937 ], [ -40.389379306999956, -2.877850113999955 ], [ -40.446956922999959, -2.923607036999954 ], [ -40.467171146999931, -2.876327939999953 ], [ -40.520218240999952, -2.874072708999961 ], [ -40.54721836899995, -2.929043794999927 ], [ -40.575192598999934, -2.944517493999967 ], [ -40.629868988999931, -2.930826042999968 ], [ -40.872790413999951, -2.932642837999936 ], [ -40.911971046999952, -2.978471354999954 ], [ -40.983948378999969, -3.007011665999926 ], [ -41.258550173999936, -3.007916737999949 ], [ -41.316174122999939, -2.991271166999979 ], [ -41.333566567999981, -3.001849223999955 ], [ -41.34819782081761, -3.038521647657909 ], [ -41.322718570999939, -3.054531059999931 ], [ -41.307554477999929, -3.098179617999961 ], [ -41.263272034999943, -3.113213587999951 ], [ -41.257218533999946, -3.139705805999938 ], [ -41.30307189499996, -3.215268225999978 ], [ -41.369416484999931, -3.232523 ], [ -41.431687662999934, -3.369614741999953 ], [ -41.409944920999976, -3.480192990999967 ], [ -41.374616075999938, -3.520908028999941 ], [ -41.373106781999979, -3.768013610999958 ], [ -41.359377970999958, -3.785277371999939 ], [ -41.260643885999968, -3.797169512999972 ], [ -41.261291122999978, -3.854970371999968 ], [ -41.305679062999957, -3.870527789999926 ], [ -41.313724874999934, -3.891012873999955 ], [ -41.305130591999955, -3.925908429999936 ], [ -41.264658335999968, -3.970676850999951 ], [ -41.24795559699993, -4.115725919999932 ], [ -41.146139563999952, -4.14842398199994 ], [ -41.133098074999964, -4.173418335999941 ], [ -41.148170137999955, -4.408307849999971 ], [ -41.195969082999966, -4.478146915999957 ], [ -41.17811992299994, -4.601813210999978 ], [ -41.237450938999984, -4.646728960999951 ], [ -41.176737639999942, -4.734111809999945 ], [ -41.19075956699993, -4.767256903999964 ], [ -41.242089036999971, -4.808163993999926 ], [ -41.23086516099994, -4.979993429999979 ], [ -41.166711068999973, -5.059347911999964 ], [ -41.077822912999977, -5.119142146999934 ], [ -40.961746483999946, -5.235977415999969 ], [ -40.941529617999947, -5.314488043999972 ], [ -40.889474380999957, -5.37238317799995 ], [ -40.892903394999962, -5.394463816999973 ], [ -40.933886763999965, -5.406326647999947 ], [ -40.944189997999956, -5.426929869999981 ], [ -40.934797324999977, -5.596916891999967 ], [ -40.897227746999931, -5.632512377999944 ], [ -40.888281819999975, -5.682565145999945 ], [ -40.944194542999981, -5.785673418999977 ], [ -40.887425128999951, -5.829513777999978 ], [ -40.884803549999958, -6.100285269999972 ], [ -40.829438308999954, -6.136789803999932 ], [ -40.819995499999948, -6.319745072999979 ], [ -40.776889173999962, -6.38042093599995 ], [ -40.758355539999968, -6.569736938999938 ], [ -40.703192786999978, -6.626857364999978 ], [ -40.677554253999972, -6.727028939999968 ], [ -40.493188534999945, -6.751593448999927 ], [ -40.379310336999936, -6.877851651999947 ], [ -40.40966610199996, -6.942005905999963 ], [ -40.427156605999983, -7.125446777999969 ], [ -40.468417453999962, -7.174882987999979 ], [ -40.505034439999974, -7.434248613999955 ], [ -40.266809973999955, -7.443677703999981 ], [ -40.22940308799997, -7.493452410999964 ], [ -40.198174509999944, -7.498154300999943 ], [ -40.13218298299995, -7.48697010099994 ], [ -40.073773123999956, -7.445040332999952 ], [ -39.975907268999947, -7.428563698999938 ], [ -39.901766629999941, -7.376766381999971 ], [ -39.57866904499997, -7.386606813999947 ], [ -39.548318987999949, -7.426864327999965 ], [ -39.457767665999938, -7.48981923499997 ], [ -39.389228419999938, -7.501702595999973 ], [ -39.317406404999929, -7.565735347999976 ], [ -39.273461381999937, -7.580202536999934 ], [ -39.259811710999941, -7.682715521999967 ], [ -39.15638090799996, -7.69609094599997 ], [ -39.142724488999932, -7.741085029999965 ], [ -39.079073923999943, -7.813517613999977 ], [ -39.02051430299997, -7.871284881999941 ], [ -38.982253624999942, -7.884327180999946 ], [ -38.946662107999941, -7.879148559999976 ], [ -38.920294478999949, -7.823894032999931 ], [ -38.825716501999977, -7.743980616999977 ], [ -38.810660368999947, -7.696171295999932 ], [ -38.707274641999959, -7.682784642999934 ], [ -38.688284856999985, -7.583818081999937 ], [ -38.593008612999938, -7.512159592999978 ], [ -38.596218602999954, -7.437866694999968 ], [ -38.538432408999938, -7.405182787999934 ], [ -38.521159801999943, -7.346380936999935 ], [ -38.523989908999965, -7.321248024999932 ], [ -38.569504146999975, -7.289701922999939 ], [ -38.594217770999933, -7.222567056999935 ], [ -38.631110346999947, -7.188598765999927 ], [ -38.653047361999938, -7.106419606999964 ], [ -38.68945290299996, -7.072318596999935 ], [ -38.705780968999932, -6.965244127999938 ], [ -38.700053001999947, -6.932824127999936 ], [ -38.606275272999937, -6.837810861999969 ], [ -38.635690059999945, -6.785608496999942 ], [ -38.643924212999934, -6.666354566999928 ], [ -38.601140787999952, -6.619999102999941 ], [ -38.578222687999983, -6.537549773999956 ], [ -38.527458709999962, -6.511372355999981 ], [ -38.534959403999949, -6.493840342999931 ], [ -38.579248658832341, -6.477943708029299 ], [ -38.581410587999983, -6.426351504999957 ], [ -38.528931458999978, -6.400615677999951 ], [ -38.513004058999968, -6.312214916999949 ], [ -38.472018957999978, -6.272974360999967 ], [ -38.442502213999944, -6.207426372999976 ], [ -38.415397646999963, -6.190028895999944 ], [ -38.400933929999951, -6.146395541999937 ], [ -38.26212955799997, -6.135463934999962 ], [ -38.244307044999971, -6.069480849999934 ], [ -38.200039152999977, -6.054550588999973 ], [ -38.176994647999948, -6.012220129999946 ], [ -38.08818225999994, -5.953647132999947 ], [ -38.060986229999969, -5.829691712999931 ], [ -38.072427331999961, -5.74125294199996 ], [ -37.969219722999981, -5.688499032999971 ], [ -37.951333591999969, -5.642454918999931 ], [ -37.911423766999974, -5.629825472999926 ], [ -37.892694097999936, -5.584396434999974 ], [ -37.846299090999935, -5.566136815999926 ], [ -37.838912440999934, -5.434124685999961 ], [ -37.736119547999976, -5.345805827999925 ], [ -37.711701691999963, -5.211289138999973 ], [ -37.679851104999955, -5.150307892999933 ], [ -37.638481064999951, -5.11238717599997 ], [ -37.61778835299998, -5.029291101999945 ] ] ] } },
{ "type": "Feature", "properties": { "shapeName": "Rio Granda do Norte", "shapeISO": "BR-RN", "shapeID": "14911670B91095571793858", "shapeGroup": "BRA", "shapeType": "ADM1", "region": "Northeast" }, "geometry": { "type": "Polygon", "coordinates": [ [ [ -38.513004058999968, -6.312214916999949 ], [ -38.514445815999977, -6.406617368999946 ], [ -38.473671490999948, -6.418024994999939 ], [ -38.455574180999974, -6.46467079699994 ], [ -38.360116106999953, -6.473948005999944 ], [ -38.329557088999934, -6.526153547999968 ], [ -38.143942987999935, -6.530771714999958 ], [ -38.120560269999942, -6.552873644999977 ], [ -38.107678113999953, -6.598721467999951 ], [ -38.089881442999967, -6.602272394999943 ], [ -38.065800667999952, -6.547389338999949 ], [ -38.043249510999942, -6.530753890999961 ], [ -38.006420098999968, -6.538634414999933 ], [ -37.968186160999949, -6.473558376999961 ], [ -37.848961699999961, -6.462337297999966 ], [ -37.834067270999981, -6.418965315999969 ], [ -37.78820666699994, -6.400397324999972 ], [ -37.78002201299995, -6.348860440999943 ], [ -37.749527604999969, -6.322476927999958 ], [ -37.734191647999978, -6.260042609999971 ], [ -37.542884366999942, -6.252700299999958 ], [ -37.515676323999969, -6.219983696999975 ], [ -37.375906856999961, -6.185800376999964 ], [ -37.32352883599998, -6.132889569999975 ], [ -37.234169924999946, -6.10898876899995 ], [ -37.187156555999934, -6.062664512999959 ], [ -37.164632729999937, -6.086898785999949 ], [ -37.124739885999929, -6.228199720999953 ], [ -37.18319792799997, -6.27017043099994 ], [ -37.212413543999958, -6.338452073999974 ], [ -37.303149092999945, -6.371315467999977 ], [ -37.329440451999972, -6.576278887999933 ], [ -37.435808475999977, -6.628140412999926 ], [ -37.420654340999931, -6.716480507999961 ], [ -37.395204976999935, -6.732549411999969 ], [ -37.207234058999973, -6.755224658999964 ], [ -37.155627521999975, -6.859406880999927 ], [ -37.118052750999937, -6.84793115399998 ], [ -37.077904577999959, -6.80843587399994 ], [ -36.981222944999956, -6.786728546999939 ], [ -36.942984265999939, -6.740920666999955 ], [ -36.918926856999974, -6.752633382999932 ], [ -36.891773382999929, -6.819440872999962 ], [ -36.817286588999934, -6.792371250999963 ], [ -36.748484729999973, -6.789482559999954 ], [ -36.684712563999938, -6.868169057999978 ], [ -36.671218431999932, -6.97411993299994 ], [ -36.654131354999947, -6.990689892999967 ], [ -36.537088758999971, -6.940316980999967 ], [ -36.500682250999944, -6.869566078999981 ], [ -36.460625356999969, -6.842397247999941 ], [ -36.518290325999942, -6.784545805999926 ], [ -36.488146529999938, -6.703157036999926 ], [ -36.400726621999979, -6.626670520999937 ], [ -36.461150144999976, -6.576220338999974 ], [ -36.449046302999932, -6.438516057999948 ], [ -36.329628834999937, -6.32947676799995 ], [ -36.236190264999948, -6.347116834999952 ], [ -36.201398032999975, -6.45660285699995 ], [ -35.991302038999947, -6.47774014099997 ], [ -35.910349835999966, -6.520225823999965 ], [ -35.354429611999933, -6.531038198999966 ], [ -35.320342551999943, -6.537406554999961 ], [ -35.263615503999972, -6.579290938999975 ], [ -34.988643782999929, -6.59082473899997 ], [ -34.885117841999943, -6.542127382999979 ], [ -34.87485243499998, -6.508381343999929 ], [ -34.878115505999972, -6.44518551699997 ], [ -34.909570147999943, -6.396338813999932 ], [ -34.919526291999944, -6.324607045999926 ], [ -34.96614475299998, -6.306918111999948 ], [ -35.010388550999949, -6.241737273999945 ], [ -34.999540089999982, -6.027002528999958 ], [ -35.063559852999958, -5.996821441999941 ], [ -35.082017926999981, -5.931581090999941 ], [ -35.127248348999956, -5.872631245999969 ], [ -35.133399136999969, -5.624098985999979 ], [ -35.180098842999939, -5.573903861999952 ], [ -35.175950028999978, -5.542258241999946 ], [ -35.212229263999973, -5.489420064999933 ], [ -35.253550172999951, -5.461423022999952 ], [ -35.311715715999981, -5.349788012999966 ], [ -35.367933366999978, -5.29179776999996 ], [ -35.414789265999957, -5.27759328999997 ], [ -35.429740700999957, -5.234377083999959 ], [ -35.492688021999982, -5.219389039999953 ], [ -35.510054396999976, -5.173535765999929 ], [ -35.661762796999938, -5.166373453999938 ], [ -35.704785185999981, -5.116722261999939 ], [ -35.747899326999971, -5.102901042999974 ], [ -36.052136580999957, -5.118085899999926 ], [ -36.075733726999943, -5.127174312999955 ], [ -36.096429408999938, -5.164188618999958 ], [ -36.134512805999975, -5.169254128999967 ], [ -36.304941938999946, -5.166080119999947 ], [ -36.326988397999969, -5.117451210999945 ], [ -36.345208326999966, -5.110810396999966 ], [ -36.759036126999945, -5.109494963999964 ], [ -36.794942359999936, -5.090379179999957 ], [ -36.844692811999948, -5.007280782999942 ], [ -37.098389697999949, -4.984936496999978 ], [ -37.166977027999963, -4.899392985999953 ], [ -37.218000866999944, -4.882637042999932 ], [ -37.24949249499997, -4.916105019999975 ], [ -37.323622678999982, -4.948603256999945 ], [ -37.456324003999953, -4.957195415999934 ], [ -37.612434263999944, -5.020579533999978 ], [ -37.638481064999951, -5.11238717599997 ], [ -37.679851104999955, -5.150307892999933 ], [ -37.711701691999963, -5.211289138999973 ], [ -37.736119547999976, -5.345805827999925 ], [ -37.838912440999934, -5.434124685999961 ], [ -37.846299090999935, -5.566136815999926 ], [ -37.892694097999936, -5.584396434999974 ], [ -37.911423766999974, -5.629825472999926 ], [ -37.951333591999969, -5.642454918999931 ], [ -37.969219722999981, -5.688499032999971 ], [ -38.072427331999961, -5.74125294199996 ], [ -38.060986229999969, -5.829691712999931 ], [ -38.08526328399995, -5.949369300999933 ], [ -38.176994647999948, -6.012220129999946 ], [ -38.200039152999977, -6.054550588999973 ], [ -38.244307044999971, -6.069480849999934 ], [ -38.26212955799997, -6.135463934999962 ], [ -38.400933929999951, -6.146395541999937 ], [ -38.415397646999963, -6.190028895999944 ], [ -38.442502213999944, -6.207426372999976 ], [ -38.472018957999978, -6.272974360999967 ], [ -38.513004058999968, -6.312214916999949 ] ] ] } },
{ "type": "Feature", "properties": { "shapeName": "Paraiba", "shapeISO": "BR-PB", "shapeID": "14911670B97385369352280", "shapeGroup": "BRA", "shapeType": "ADM1", "region": "Northeast" }, "geometry": { "type": "Polygon", "coordinates": [ [ [ -38.696421345447064, -7.608997173763945 ], [ -38.690086299999962, -7.626546395999981 ], [ -38.649590667999973, -7.637506316999975 ], [ -38.634297987999958, -7.681329262999952 ], [ -38.590925908999964, -7.696646916999953 ], [ -38.576240794999933, -7.759536830999934 ], [ -38.492342844999939, -7.802618289999941 ], [ -38.345786860999965, -7.756974875999958 ], [ -38.317836943999964, -7.693367760999934 ], [ -38.290575887999978, -7.693470690999959 ], [ -38.24096487199995, -7.821543843999962 ], [ -38.205650118999984, -7.876738520999936 ], [ -38.187568459999966, -7.879813858999967 ], [ -38.15388932999997, -7.826235724999947 ], [ -38.037102129999937, -7.808699845999968 ], [ -37.895816687999968, -7.813944195999966 ], [ -37.751267453999958, -7.644369036999933 ], [ -37.577210767999929, -7.547101942999973 ], [ -37.487124254999969, -7.524501044999965 ], [ -37.433055725999964, -7.490282012999955 ], [ -37.255906965999941, -7.301870857999972 ], [ -37.162401176999936, -7.310517533999928 ], [ -37.12560123399993, -7.365388583999959 ], [ -37.035158358999979, -7.393583219999925 ], [ -36.964880361999974, -7.454083053999966 ], [ -36.960566872999948, -7.478192319999948 ], [ -36.975233966999951, -7.523624683999969 ], [ -37.028585347999979, -7.57704909499995 ], [ -37.140793432999942, -7.609573970999975 ], [ -37.129497414999946, -7.67172470099996 ], [ -37.077554764999945, -7.71375033399994 ], [ -37.085742929999981, -7.792227509999975 ], [ -37.098706301999982, -7.813807323999981 ], [ -37.164270438999949, -7.83867489599993 ], [ -37.190118404999964, -7.90418247599996 ], [ -37.23718811699996, -7.948186398999951 ], [ -37.22135902399998, -7.968682142999967 ], [ -37.152438108999945, -7.992755488999933 ], [ -37.098083831999929, -8.046116444999939 ], [ -37.065393466999979, -8.204715376999957 ], [ -36.947265974999937, -8.32592206299995 ], [ -36.910822218999954, -8.329839645999925 ], [ -36.864432355999952, -8.316894759999968 ], [ -36.744463172999929, -8.224897423999948 ], [ -36.628335160999939, -8.201004344999944 ], [ -36.571060529999954, -8.163808823999943 ], [ -36.543479605999948, -7.995072901999947 ], [ -36.49808122099995, -7.931925547999981 ], [ -36.41541022399997, -7.909984492999968 ], [ -36.380639977999977, -7.87463620799997 ], [ -36.310054197999932, -7.858758992999981 ], [ -36.232913846999963, -7.806040688999929 ], [ -36.177403373999937, -7.863290228999972 ], [ -36.10947798899997, -7.813909531999968 ], [ -35.827868829999943, -7.796758774999944 ], [ -35.601883782999948, -7.756193555999971 ], [ -35.55454889899994, -7.699124616999939 ], [ -35.426815634999969, -7.676163616999929 ], [ -35.462755983999955, -7.61261703699995 ], [ -35.414529796999943, -7.554978775999928 ], [ -35.388129649999939, -7.491549091999957 ], [ -35.25017614199993, -7.466337654999961 ], [ -35.199583449999977, -7.413592831999949 ], [ -34.983967498999959, -7.430898770999931 ], [ -34.893839010999955, -7.485619302999964 ], [ -34.856994024999949, -7.560496103999981 ], [ -34.710106417999953, -7.569045330999927 ], [ -34.699365994999937, -7.530901040999936 ], [ -34.701148596999928, -7.055405096999948 ], [ -34.736635327999977, -7.014477570999929 ], [ -34.735063084999979, -6.87049611599997 ], [ -34.782291079999936, -6.818547050999939 ], [ -34.808790673999965, -6.739537447999965 ], [ -34.873552734999976, -6.706459729999949 ], [ -34.876058253999929, -6.571425810999926 ], [ -34.888520639999967, -6.548951504999934 ], [ -34.921891671999958, -6.549021143999937 ], [ -34.961149835999947, -6.585301775999937 ], [ -35.007128224999974, -6.590636991999929 ], [ -35.269408230999943, -6.578326113999935 ], [ -35.315636104999953, -6.539941511999928 ], [ -35.354429611999933, -6.531038198999966 ], [ -35.910349835999966, -6.520225823999965 ], [ -35.991302038999947, -6.47774014099997 ], [ -36.201398032999975, -6.45660285699995 ], [ -36.236190264999948, -6.347116834999952 ], [ -36.307361772999968, -6.328988299999935 ], [ -36.343788723999978, -6.336626824999939 ], [ -36.447423341999979, -6.433189800999969 ], [ -36.461150144999976, -6.576220338999974 ], [ -36.400726621999979, -6.626670520999937 ], [ -36.457900283999948, -6.666545129999975 ], [ -36.506391053999948, -6.733411062999949 ], [ -36.515604762999942, -6.798902231999932 ], [ -36.459534323999947, -6.839755160999971 ], [ -36.504124802999968, -6.874023939999972 ], [ -36.537088758999971, -6.940316980999967 ], [ -36.661891028999946, -6.988706154999932 ], [ -36.682560050999939, -6.873397011999941 ], [ -36.740096530999949, -6.79436751999998 ], [ -36.811389020999968, -6.791244763999941 ], [ -36.891773382999929, -6.819440872999962 ], [ -36.916136729999948, -6.757035130999952 ], [ -36.939028650999944, -6.74041847899997 ], [ -36.981222944999956, -6.786728546999939 ], [ -37.077904577999959, -6.80843587399994 ], [ -37.12255537599998, -6.850766433999979 ], [ -37.159438629999954, -6.858108269999946 ], [ -37.202938189999941, -6.758093919999965 ], [ -37.410736414999974, -6.72737088699995 ], [ -37.436875390999944, -6.643165927999974 ], [ -37.427318888999935, -6.617659454999966 ], [ -37.329440451999972, -6.576278887999933 ], [ -37.300196794999977, -6.367282384999953 ], [ -37.212413543999958, -6.338452073999974 ], [ -37.18319792799997, -6.27017043099994 ], [ -37.124739885999929, -6.228199720999953 ], [ -37.166630113999929, -6.081746839999937 ], [ -37.195270986999958, -6.061625281999966 ], [ -37.234169924999946, -6.10898876899995 ], [ -37.31864565099994, -6.13025050899995 ], [ -37.381182132999982, -6.187959813999953 ], [ -37.515676323999969, -6.219983696999975 ], [ -37.542884366999942, -6.252700299999958 ], [ -37.734191647999978, -6.260042609999971 ], [ -37.749527604999969, -6.322476927999958 ], [ -37.78002201299995, -6.348860440999943 ], [ -37.78820666699994, -6.400397324999972 ], [ -37.834067270999981, -6.418965315999969 ], [ -37.848961699999961, -6.462337297999966 ], [ -37.968186160999949, -6.473558376999961 ], [ -38.006420098999968, -6.538634414999933 ], [ -38.043249510999942, -6.530753890999961 ], [ -38.065800667999952, -6.547389338999949 ], [ -38.089881442999967, -6.602272394999943 ], [ -38.107678113999953, -6.598721467999951 ], [ -38.120560269999942, -6.552873644999977 ], [ -38.143942987999935, -6.530771714999958 ], [ -38.329557088999934, -6.526153547999968 ], [ -38.360116106999953, -6.473948005999944 ], [ -38.459115340999972, -6.462056701999927 ], [ -38.481110476999959, -6.413616320999949 ], [ -38.576883031999955, -6.418699391999951 ], [ -38.579248658832341, -6.477943708029299 ], [ -38.534959403999949, -6.493840342999931 ], [ -38.527458709999962, -6.511372355999981 ], [ -38.578222687999983, -6.537549773999956 ], [ -38.601140787999952, -6.619999102999941 ], [ -38.643924212999934, -6.666354566999928 ], [ -38.635690059999945, -6.785608496999942 ], [ -38.606275272999937, -6.837810861999969 ], [ -38.700053001999947, -6.932824127999936 ], [ -38.705780968999932, -6.965244127999938 ], [ -38.68945290299996, -7.072318596999935 ], [ -38.653047361999938, -7.106419606999964 ], [ -38.631110346999947, -7.188598765999927 ], [ -38.594217770999933, -7.222567056999935 ], [ -38.569504146999975, -7.289701922999939 ], [ -38.523989908999965, -7.321248024999932 ], [ -38.521159801999943, -7.346380936999935 ], [ -38.538432408999938, -7.405182787999934 ], [ -38.596218602999954, -7.437866694999968 ], [ -38.593008612999938, -7.512159592999978 ], [ -38.66336369499993, -7.556085690999964 ], [ -38.696421345447064, -7.608997173763945 ] ] ] } },
{ "type": "Feature", "properties": { "shapeName": "Piaui", "shapeISO": "BR-PI", "shapeID": "14911670B32365136910534", "shapeGroup": "BRA", "shapeType": "ADM1", "region": "Northeast" }, "geometry": { "type": "Polygon", "coordinates": [ [ [ -45.891726365999943, -10.055438884999944 ], [ -45.908332069999972, -10.23307577199995 ], [ -45.805762916999981, -10.291864690999944 ], [ -45.68940059199997, -10.224973302999956 ], [ -45.652176900999962, -10.144424220999952 ], [ -45.581430526999952, -10.139129537999963 ], [ -45.56080951499996, -10.237921760999939 ], [ -45.519513090999965, -10.267198362999977 ], [ -45.499360802999945, -10.337892143999966 ], [ -45.460720668999954, -10.362988343999973 ], [ -45.423961432999931, -10.46909384199995 ], [ -45.447400129999949, -10.525870789999942 ], [ -45.454828138999972, -10.629282798999952 ], [ -45.402571386999966, -10.670235752999929 ], [ -45.385574128999963, -10.737008757999945 ], [ -45.291325779999966, -10.759863241999938 ], [ -45.203530938999961, -10.858107479999944 ], [ -45.061939405999965, -10.873151840999981 ], [ -45.017693171999952, -10.919079691999968 ], [ -44.878514009999947, -10.921928643999934 ], [ -44.827026759999967, -10.87424931299995 ], [ -44.797764489999963, -10.819815499999947 ], [ -44.705158529999949, -10.801033152999935 ], [ -44.612673061999942, -10.729337398999974 ], [ -44.574320080999939, -10.661900183999933 ], [ -44.416481355999963, -10.649751569999978 ], [ -44.326564857999983, -10.598365190999971 ], [ -44.281802768999967, -10.648895498999934 ], [ -44.141840487999957, -10.655927902999963 ], [ -44.114206632999981, -10.609198695999964 ], [ -44.074907653999958, -10.583366688999945 ], [ -44.055371993999984, -10.532164781999938 ], [ -44.017366016999972, -10.506480607999947 ], [ -44.001834944999985, -10.432008245999953 ], [ -43.895588796999959, -10.415324575999932 ], [ -43.88569989299998, -10.358938445999968 ], [ -43.857198554999968, -10.33880327199995 ], [ -43.841277082999966, -10.27708963699996 ], [ -43.801304997999978, -10.23246086599994 ], [ -43.781039614999941, -10.091873882999948 ], [ -43.684492589999934, -10.059256197999957 ], [ -43.679284576999976, -9.862874790999967 ], [ -43.727296601999967, -9.841483150999977 ], [ -43.742782452999961, -9.799087834999966 ], [ -43.78883492999995, -9.781169469999952 ], [ -43.802602499999978, -9.703725296999949 ], [ -43.851307738999935, -9.620562000999939 ], [ -43.775236649999954, -9.456184978999943 ], [ -43.687816272999953, -9.432425706999936 ], [ -43.604681830999937, -9.36303216899995 ], [ -43.518813178999949, -9.337124681999967 ], [ -43.471120233999955, -9.291024540999956 ], [ -43.415832857999931, -9.32301959199998 ], [ -43.370749627999942, -9.392681240999934 ], [ -43.283721139999955, -9.417704386999958 ], [ -43.23876196599997, -9.447951865999926 ], [ -43.177094704999945, -9.439428030999977 ], [ -43.11168400899993, -9.403255113999933 ], [ -42.958249745999979, -9.453666746999943 ], [ -42.941445966999936, -9.477278028999933 ], [ -42.928399000999946, -9.573423258999981 ], [ -42.832650599999965, -9.582890332999966 ], [ -42.797282002999964, -9.612427503999982 ], [ -42.756287915999962, -9.620428140999934 ], [ -42.69955652799996, -9.548542866999981 ], [ -42.611165894999942, -9.532064624999975 ], [ -42.568989871999975, -9.505448343999944 ], [ -42.452552631999936, -9.497211500999981 ], [ -42.391726566999978, -9.415708688999928 ], [ -42.330007050999939, -9.392839600999935 ], [ -42.211660913999935, -9.299434401999974 ], [ -41.843014528999959, -9.280010063999953 ], [ -41.795642251999936, -9.230841962999932 ], [ -41.709492243999932, -9.069135685999981 ], [ -41.502513051999983, -9.028622148999943 ], [ -41.483959046999985, -8.893403666999973 ], [ -41.443616323999947, -8.881231193999952 ], [ -41.424875700999962, -8.836130984999954 ], [ -41.381693899999959, -8.820993849999979 ], [ -41.306999091999955, -8.688277802999949 ], [ -41.17964346499997, -8.610665372999961 ], [ -41.142215487999977, -8.569131150999965 ], [ -41.055774803999952, -8.545201000999953 ], [ -41.026570733999961, -8.42284919399998 ], [ -40.887987106999958, -8.431447241999933 ], [ -40.85496081499997, -8.377250906999961 ], [ -40.761021415999949, -8.315529862999938 ], [ -40.666335578999963, -8.224434566999946 ], [ -40.643919709999977, -8.175486401999933 ], [ -40.598198197999977, -8.143489912999939 ], [ -40.582759443999976, -8.084433025999942 ], [ -40.531539617999954, -8.008718807999969 ], [ -40.538784157999942, -7.861571500999958 ], [ -40.551210547999972, -7.833847764999973 ], [ -40.642049387999975, -7.808649309999964 ], [ -40.657798520999961, -7.623762389999968 ], [ -40.690521003999947, -7.575402185999963 ], [ -40.691473204999966, -7.537652007999952 ], [ -40.662325007999982, -7.491168440999957 ], [ -40.520845080999948, -7.432013578999943 ], [ -40.488730002999944, -7.369488969999964 ], [ -40.468417453999962, -7.174882987999979 ], [ -40.427156605999983, -7.125446777999969 ], [ -40.40966610199996, -6.942005905999963 ], [ -40.379310336999936, -6.877851651999947 ], [ -40.493188534999945, -6.751593448999927 ], [ -40.677554253999972, -6.727028939999968 ], [ -40.703192786999978, -6.626857364999978 ], [ -40.758355539999968, -6.569736938999938 ], [ -40.776889173999962, -6.38042093599995 ], [ -40.819995499999948, -6.319745072999979 ], [ -40.829438308999954, -6.136789803999932 ], [ -40.884803549999958, -6.100285269999972 ], [ -40.887425128999951, -5.829513777999978 ], [ -40.944194542999981, -5.785673418999977 ], [ -40.888281819999975, -5.682565145999945 ], [ -40.897227746999931, -5.632512377999944 ], [ -40.934797324999977, -5.596916891999967 ], [ -40.944189997999956, -5.426929869999981 ], [ -40.933886763999965, -5.406326647999947 ], [ -40.892903394999962, -5.394463816999973 ], [ -40.889474380999957, -5.37238317799995 ], [ -40.941529617999947, -5.314488043999972 ], [ -40.961746483999946, -5.235977415999969 ], [ -41.077822912999977, -5.119142146999934 ], [ -41.166711068999973, -5.059347911999964 ], [ -41.229708653999978, -4.985687704999975 ], [ -41.242089036999971, -4.808163993999926 ], [ -41.19075956699993, -4.767256903999964 ], [ -41.176737639999942, -4.734111809999945 ], [ -41.237450938999984, -4.646728960999951 ], [ -41.17811992299994, -4.601813210999978 ], [ -41.195969082999966, -4.478146915999957 ], [ -41.148170137999955, -4.408307849999971 ], [ -41.133098074999964, -4.173418335999941 ], [ -41.146139563999952, -4.14842398199994 ], [ -41.24795559699993, -4.115725919999932 ], [ -41.264658335999968, -3.970676850999951 ], [ -41.305130591999955, -3.925908429999936 ], [ -41.313724874999934, -3.891012873999955 ], [ -41.305679062999957, -3.870527789999926 ], [ -41.261291122999978, -3.854970371999968 ], [ -41.260643885999968, -3.797169512999972 ], [ -41.359377970999958, -3.785277371999939 ], [ -41.373106781999979, -3.768013610999958 ], [ -41.374616075999938, -3.520908028999941 ], [ -41.409944920999976, -3.480192990999967 ], [ -41.431687662999934, -3.369614741999953 ], [ -41.369416484999931, -3.232523 ], [ -41.30307189499996, -3.215268225999978 ], [ -41.257022374999963, -3.134750888999974 ], [ -41.266688340999963, -3.110732525999936 ], [ -41.307554477999929, -3.098179617999961 ], [ -41.322718570999939, -3.054531059999931 ], [ -41.377850529999932, -2.995487998999977 ], [ -41.42995164499996, -3.007788069999947 ], [ -41.598524305999945, -3.004875308999942 ], [ -41.672510665999937, -2.936401222999962 ], [ -41.724691020999956, -2.92049992099993 ], [ -41.774790395999958, -2.860229895999964 ], [ -41.871103285999936, -2.895538209999927 ], [ -41.873151624999934, -3.007446883999933 ], [ -41.826116725999952, -3.050905980999971 ], [ -41.823312594999948, -3.074867732999962 ], [ -41.926918628999942, -3.175933192999935 ], [ -41.943317300999979, -3.233364799999947 ], [ -41.988945071999979, -3.276696938999976 ], [ -42.005262693999953, -3.332832567999958 ], [ -42.128198440999938, -3.346155515999953 ], [ -42.139380425999946, -3.407468342999948 ], [ -42.179250027999956, -3.473679537999942 ], [ -42.24121766199994, -3.500712076999946 ], [ -42.265144446999955, -3.531157696999969 ], [ -42.537884026999961, -3.550727602999928 ], [ -42.574861889999966, -3.633287740999947 ], [ -42.672905218999972, -3.752202331999968 ], [ -42.73625808099996, -3.894635458999971 ], [ -42.746587727999952, -3.994694871999968 ], [ -42.796278271999938, -4.050864187999935 ], [ -42.855370446999984, -4.087183641999957 ], [ -42.928760269999941, -4.222089877999963 ], [ -43.019839223999952, -4.266601739999942 ], [ -43.033261846999949, -4.37177152199996 ], [ -42.987059403999979, -4.403367075999938 ], [ -42.891840377999984, -4.516419586999973 ], [ -42.903939899999955, -4.642244493999954 ], [ -42.956378468999958, -4.728395608999961 ], [ -42.959061144999964, -4.774320582999962 ], [ -42.945210436999957, -4.874476795999954 ], [ -42.903679770999929, -4.924054639999952 ], [ -42.886234160999948, -5.056297785999959 ], [ -42.83090315499993, -5.159562360999928 ], [ -42.851342898999974, -5.40633274299995 ], [ -42.99629424799997, -5.507793811999932 ], [ -43.026678846999971, -5.603125957999964 ], [ -43.077074841999945, -5.647510939999961 ], [ -43.123686214999964, -5.661300013999949 ], [ -43.129821869999944, -5.678250896999941 ], [ -43.107053679999979, -5.774381278999954 ], [ -43.133493581999971, -5.824435574999939 ], [ -43.107821076999983, -5.91764518399998 ], [ -43.130125617999965, -5.992536281999946 ], [ -43.08103056799996, -6.045324860999926 ], [ -43.05773219699995, -6.165797675999954 ], [ -42.996445288999951, -6.227838645999952 ], [ -42.929894562999948, -6.266339867999932 ], [ -42.87846461099997, -6.343222498999978 ], [ -42.895152884999959, -6.400546971999972 ], [ -42.902168849999953, -6.625943655999947 ], [ -42.96493875699997, -6.730539417999978 ], [ -43.037660334999941, -6.774183314999959 ], [ -43.266630375999966, -6.786409616999947 ], [ -43.296963423999955, -6.825882281999952 ], [ -43.333519495999951, -6.834328555999946 ], [ -43.560024116999955, -6.836230731999933 ], [ -43.586154361999945, -6.786681950999935 ], [ -43.64285124099996, -6.752663009999935 ], [ -43.766736022999964, -6.737038514999938 ], [ -43.808055778999972, -6.738985057999969 ], [ -43.877413306999983, -6.773233356999981 ], [ -44.065646890999972, -6.787175156999979 ], [ -44.098961419999966, -6.883306095999956 ], [ -44.174255658999982, -6.911855403999937 ], [ -44.19615945399994, -7.019938033999949 ], [ -44.320477654999934, -7.114758679999966 ], [ -44.402129848999948, -7.13756553199994 ], [ -44.433921236999936, -7.177037114999962 ], [ -44.577961583999979, -7.25217472099996 ], [ -44.609727674999931, -7.370834424999941 ], [ -44.730294231999949, -7.411699250999959 ], [ -44.852490067999952, -7.426995180999938 ], [ -44.945490492999966, -7.507614032999925 ], [ -45.127995805999944, -7.520821608999938 ], [ -45.180604453999933, -7.565329972999962 ], [ -45.31926545999994, -7.58289788999997 ], [ -45.436997657999939, -7.695620428999973 ], [ -45.459754978999968, -7.739920982999934 ], [ -45.506375354999932, -7.75792333399994 ], [ -45.515484783999966, -7.85257186299998 ], [ -45.56821466699995, -7.883759555999973 ], [ -45.572499639999933, -8.182741165999971 ], [ -45.598217257999977, -8.209308171999965 ], [ -45.669929719999971, -8.234375327999942 ], [ -45.73304868799994, -8.492663080999932 ], [ -45.774914311999964, -8.541990397999939 ], [ -45.806209931999945, -8.67985314699996 ], [ -45.837447851999968, -8.704721221999932 ], [ -45.852998210999942, -8.766558568999926 ], [ -45.952982432999931, -8.777351672999941 ], [ -45.963463587999968, -8.857294484999954 ], [ -46.017043601999944, -8.950925240999936 ], [ -46.01147360899995, -8.994906660999959 ], [ -45.964339905999964, -9.012763125999982 ], [ -45.956702178999933, -9.102686835999975 ], [ -45.925486992999936, -9.128351656999939 ], [ -45.904588650999983, -9.185054093999952 ], [ -45.897421179999981, -9.37770980199997 ], [ -45.786935436999954, -9.481007107999972 ], [ -45.83428048299993, -9.561001001999955 ], [ -45.849754447999942, -9.977288585999929 ], [ -45.891726365999943, -10.055438884999944 ] ] ] } },
{ "type": "Feature", "properties": { "shapeName": "Pernambuco", "shapeISO": "BR-PE", "shapeID": "14911670B2612452665424", "shapeGroup": "BRA", "shapeType": "ADM1", "region": "Northeast" }, "geometry": { "type": "Polygon", "coordinates": [ [ [ -40.266809973999955, -7.443677703999981 ], [ -40.566147700999977, -7.446938350999972 ], [ -40.651607656999943, -7.485229691999962 ], [ -40.680225461999953, -7.505703859999926 ], [ -40.692377381999961, -7.543429926999977 ], [ -40.690521003999947, -7.575402185999963 ], [ -40.657798520999961, -7.623762389999968 ], [ -40.642049387999975, -7.808649309999964 ], [ -40.555748616999949, -7.831601706999948 ], [ -40.539671089999956, -7.855825943999946 ], [ -40.531539617999954, -8.008718807999969 ], [ -40.582759443999976, -8.084433025999942 ], [ -40.598198197999977, -8.143489912999939 ], [ -40.643919709999977, -8.175486401999933 ], [ -40.666335578999963, -8.224434566999946 ], [ -40.761021415999949, -8.315529862999938 ], [ -40.85496081499997, -8.377250906999961 ], [ -40.887987106999958, -8.431447241999933 ], [ -41.026570733999961, -8.42284919399998 ], [ -41.055774803999952, -8.545201000999953 ], [ -41.146610030999966, -8.571953844999939 ], [ -41.17964346499997, -8.610665372999961 ], [ -41.311273569999969, -8.691788364999979 ], [ -41.332526532999964, -8.741757785999937 ], [ -41.328230393999945, -8.76388180899994 ], [ -41.300567807999983, -8.766254054999933 ], [ -41.21777358199995, -8.723400872999946 ], [ -41.120887381999978, -8.712193795999951 ], [ -41.086813006999932, -8.814181540999925 ], [ -40.940057699999954, -8.830295562999936 ], [ -40.88368969499993, -8.882563938999965 ], [ -40.860784483999964, -8.938491455999952 ], [ -40.811046225999974, -8.976404786999979 ], [ -40.793817799999943, -9.10519252399996 ], [ -40.671964288999959, -9.181343818999949 ], [ -40.653691389999949, -9.208177421999949 ], [ -40.649907336999945, -9.246764190999954 ], [ -40.684603460999938, -9.311156341999947 ], [ -40.695159183999976, -9.480267409999954 ], [ -40.56854106399993, -9.507262564999962 ], [ -40.535568341999976, -9.504426728999931 ], [ -40.493463583999983, -9.453535164999948 ], [ -40.311585586999968, -9.389105857999937 ], [ -40.288711848999981, -9.301084368999966 ], [ -40.248231506999957, -9.234455530999981 ], [ -40.258074205999947, -9.156940997999925 ], [ -40.229769510999972, -9.067673053999954 ], [ -40.203435385999967, -9.060181730999943 ], [ -40.166494956999941, -9.106919348999952 ], [ -40.08538823799995, -9.122448909999946 ], [ -39.982313574999978, -9.061747650999962 ], [ -39.841534662999948, -9.011033263999934 ], [ -39.834744700999977, -8.975066442999946 ], [ -39.854279668999936, -8.898635526999954 ], [ -39.883749688999956, -8.861393758999952 ], [ -39.877335047999964, -8.842968096999925 ], [ -39.694807000999958, -8.816774952999936 ], [ -39.655419494999933, -8.669783072999962 ], [ -39.501521791999949, -8.652157288999945 ], [ -39.452767457999983, -8.620766912999954 ], [ -39.393281087999981, -8.611851392999938 ], [ -39.343577506999964, -8.569296031999954 ], [ -39.170454722999978, -8.70177936999994 ], [ -39.076514422999935, -8.72704379299995 ], [ -38.929562897999972, -8.814366899999925 ], [ -38.755535665999957, -8.83894208199996 ], [ -38.645230744999935, -8.893557985999962 ], [ -38.60466297399995, -9.002650828999947 ], [ -38.572940456999959, -8.981083715999944 ], [ -38.544579007999971, -8.868950176999931 ], [ -38.463343700999985, -8.830771908999964 ], [ -38.430517842999961, -8.891757543999972 ], [ -38.444829858999981, -8.989449502999946 ], [ -38.431643600999962, -9.043499668999971 ], [ -38.371180961999983, -9.058366262999925 ], [ -38.268200539999953, -9.023268333999965 ], [ -38.250683033999962, -9.030716075999976 ], [ -38.272442379999973, -9.133824849999939 ], [ -38.223699458999931, -9.192264584999975 ], [ -38.201532784999984, -9.301337734999947 ], [ -38.171231447999958, -9.341857344999937 ], [ -38.109247582999956, -9.31798764399997 ], [ -38.084925419999934, -9.25027145699994 ], [ -38.024452718999953, -9.189443446999974 ], [ -37.885441004999961, -9.156529325999941 ], [ -37.817345477999936, -9.012431542999934 ], [ -37.768430825999928, -8.991427623999925 ], [ -37.761152580999976, -8.900229885999977 ], [ -37.734937635999984, -8.886132833999966 ], [ -37.710577939999951, -8.89595929099994 ], [ -37.697746222999967, -8.936443852999957 ], [ -37.654497050999964, -8.951878608999948 ], [ -37.632271240999955, -8.999467828999968 ], [ -37.570142251999982, -9.019541877999927 ], [ -37.490053306999982, -8.99893534399996 ], [ -37.428567751999935, -9.010791002999952 ], [ -37.40553736399994, -9.072000317999937 ], [ -37.272458083999936, -9.126243934999934 ], [ -37.211023743999931, -9.188249183999972 ], [ -37.182692940999971, -9.245539310999959 ], [ -37.11558277599994, -9.242979334999973 ], [ -37.023849219999931, -9.278709702999947 ], [ -36.917964874999939, -9.38174646899995 ], [ -36.866527537999957, -9.378366428999925 ], [ -36.803010159999928, -9.272132762999945 ], [ -36.719983430999946, -9.305410364999943 ], [ -36.62841564799993, -9.269819948999952 ], [ -36.571474957999953, -9.331363608999936 ], [ -36.509627043999956, -9.326035127999944 ], [ -36.376573821999955, -9.26154568499993 ], [ -36.329820545999951, -9.211668820999932 ], [ -36.15078785299994, -9.203695135999965 ], [ -36.15239349999996, -9.172455722999928 ], [ -36.199579406999931, -9.137178001999928 ], [ -36.033628888999942, -9.072561975999974 ], [ -36.020805335999967, -8.931310806999932 ], [ -35.866663184999936, -8.92248167799994 ], [ -35.836418656999967, -8.86967462299998 ], [ -35.696035109999968, -8.868426295999939 ], [ -35.665172064999979, -8.92088737499995 ], [ -35.597315205999962, -8.924870258999931 ], [ -35.541800224999974, -8.877812966999954 ], [ -35.473771818999978, -8.853271287999974 ], [ -35.439477071999931, -8.809443147999957 ], [ -35.369814602999952, -8.860011347999944 ], [ -35.038699350999934, -8.879617611999947 ], [ -35.02572343099996, -8.83508990699994 ], [ -34.981045972999937, -8.77985732999997 ], [ -34.966920535999975, -8.716711251999925 ], [ -34.898127120999959, -8.679691434999938 ], [ -34.892481414999963, -8.59035862199994 ], [ -34.840429668999946, -8.491112538999971 ], [ -34.833283598999969, -8.385953737999955 ], [ -34.776255920999972, -8.285006627999962 ], [ -34.773708641999974, -8.199396741999976 ], [ -34.724029875999975, -8.085115905999942 ], [ -34.716985361999946, -8.031563589999962 ], [ -34.656129647999933, -7.978115913999943 ], [ -34.673737280999944, -7.902869582999926 ], [ -34.734527077999928, -7.828318811999964 ], [ -34.723262132999935, -7.785764349999965 ], [ -34.735105700999952, -7.73652638599998 ], [ -34.681858050999949, -7.68879323699997 ], [ -34.687569817999929, -7.594833001999973 ], [ -34.719376846999978, -7.572884962999979 ], [ -34.856994024999949, -7.560496103999981 ], [ -34.893839010999955, -7.485619302999964 ], [ -34.983967498999959, -7.430898770999931 ], [ -35.194377182999972, -7.41230275099997 ], [ -35.25017614199993, -7.466337654999961 ], [ -35.388129649999939, -7.491549091999957 ], [ -35.414529796999943, -7.554978775999928 ], [ -35.462755983999955, -7.61261703699995 ], [ -35.426815634999969, -7.676163616999929 ], [ -35.55454889899994, -7.699124616999939 ], [ -35.601883782999948, -7.756193555999971 ], [ -35.827868829999943, -7.796758774999944 ], [ -36.10947798899997, -7.813909531999968 ], [ -36.177403373999937, -7.863290228999972 ], [ -36.232913846999963, -7.806040688999929 ], [ -36.310054197999932, -7.858758992999981 ], [ -36.380639977999977, -7.87463620799997 ], [ -36.41541022399997, -7.909984492999968 ], [ -36.49808122099995, -7.931925547999981 ], [ -36.543479605999948, -7.995072901999947 ], [ -36.571060529999954, -8.163808823999943 ], [ -36.628335160999939, -8.201004344999944 ], [ -36.744463172999929, -8.224897423999948 ], [ -36.864432355999952, -8.316894759999968 ], [ -36.933869916999981, -8.331251775999931 ], [ -37.06803681699995, -8.200309156999936 ], [ -37.094954160999976, -8.049782603999972 ], [ -37.152438108999945, -7.992755488999933 ], [ -37.22135902399998, -7.968682142999967 ], [ -37.23718811699996, -7.948186398999951 ], [ -37.190118404999964, -7.90418247599996 ], [ -37.164270438999949, -7.83867489599993 ], [ -37.098706301999982, -7.813807323999981 ], [ -37.085742929999981, -7.792227509999975 ], [ -37.077554764999945, -7.71375033399994 ], [ -37.129497414999946, -7.67172470099996 ], [ -37.140793432999942, -7.609573970999975 ], [ -37.028585347999979, -7.57704909499995 ], [ -36.975233966999951, -7.523624683999969 ], [ -36.960036497999965, -7.472615436999945 ], [ -37.035158358999979, -7.393583219999925 ], [ -37.121547372999942, -7.368403898999929 ], [ -37.153225899999939, -7.316281421999975 ], [ -37.179215076999981, -7.305187185999955 ], [ -37.255906965999941, -7.301870857999972 ], [ -37.433055725999964, -7.490282012999955 ], [ -37.487124254999969, -7.524501044999965 ], [ -37.577210767999929, -7.547101942999973 ], [ -37.747097953999969, -7.64129530699995 ], [ -37.895816687999968, -7.813944195999966 ], [ -38.037102129999937, -7.808699845999968 ], [ -38.15388932999997, -7.826235724999947 ], [ -38.191330896999943, -7.880534049999937 ], [ -38.24096487199995, -7.821543843999962 ], [ -38.290575887999978, -7.693470690999959 ], [ -38.317836943999964, -7.693367760999934 ], [ -38.345786860999965, -7.756974875999958 ], [ -38.492342844999939, -7.802618289999941 ], [ -38.576240794999933, -7.759536830999934 ], [ -38.590925908999964, -7.696646916999953 ], [ -38.634297987999958, -7.681329262999952 ], [ -38.647085821999951, -7.640899 ], [ -38.671210613999961, -7.63129547099993 ], [ -38.692772282999954, -7.63763943899994 ], [ -38.710848717999966, -7.685329369999977 ], [ -38.810660368999947, -7.696171295999932 ], [ -38.825716501999977, -7.743980616999977 ], [ -38.920294478999949, -7.823894032999931 ], [ -38.950153449999959, -7.882165795999981 ], [ -39.005736314999979, -7.879014683999969 ], [ -39.140484090999962, -7.743987599999969 ], [ -39.15638090799996, -7.69609094599997 ], [ -39.259811710999941, -7.682715521999967 ], [ -39.273461381999937, -7.580202536999934 ], [ -39.317406404999929, -7.565735347999976 ], [ -39.389228419999938, -7.501702595999973 ], [ -39.457767665999938, -7.48981923499997 ], [ -39.583936003999952, -7.385266810999951 ], [ -39.901766629999941, -7.376766381999971 ], [ -39.975907268999947, -7.428563698999938 ], [ -40.073773123999956, -7.445040332999952 ], [ -40.13218298299995, -7.48697010099994 ], [ -40.198174509999944, -7.498154300999943 ], [ -40.22940308799997, -7.493452410999964 ], [ -40.266809973999955, -7.443677703999981 ] ] ] } },
{ "type": "Feature", "properties": { "shapeName": "Alagoas", "shapeISO": "BR-AL", "shapeID": "14911670B9724590061217", "shapeGroup": "BRA", "shapeType": "ADM1", "region": "Northeast" }, "geometry": { "type": "Polygon", "coordinates": [ [ [ -38.109247582999956, -9.31798764399997 ], [ -38.173733231999961, -9.372616801999982 ], [ -38.163635664999958, -9.460736236999935 ], [ -38.008576395999967, -9.468656563999957 ], [ -37.986436827999967, -9.497567851999975 ], [ -37.945675910999967, -9.510137893999968 ], [ -37.924793192999971, -9.559016578999945 ], [ -37.819115994999947, -9.571665535999955 ], [ -37.733874059999948, -9.621216749999974 ], [ -37.667370243999983, -9.60059758999995 ], [ -37.629240102999972, -9.646312181999974 ], [ -37.440963155999953, -9.727943363999941 ], [ -37.384112648999974, -9.778003530999968 ], [ -37.256509881999932, -9.808066751999945 ], [ -37.141017179999949, -9.895709299999965 ], [ -37.05325301299996, -9.919594649999965 ], [ -36.911127510999961, -10.002638418999936 ], [ -36.874677436999946, -10.081301229999951 ], [ -36.804470597999966, -10.168794600999945 ], [ -36.670124113999975, -10.225543015999961 ], [ -36.638467351999964, -10.268777394999972 ], [ -36.525218392999932, -10.260358613999927 ], [ -36.494421784999929, -10.273814820999974 ], [ -36.462113741999929, -10.396947396999963 ], [ -36.368263197999966, -10.38693002399998 ], [ -36.329387458999975, -10.406754680999939 ], [ -36.30936381999993, -10.440502178999964 ], [ -36.279822106999973, -10.443741294999938 ], [ -36.137302310999985, -10.240093878999971 ], [ -36.095168896999951, -10.20009938499993 ], [ -36.031585939999957, -10.185874984999941 ], [ -36.002645916999938, -10.089752001999955 ], [ -35.967937173999928, -10.066730083999971 ], [ -35.91391605299998, -9.975992104999932 ], [ -35.937247652999929, -9.944320792999974 ], [ -35.99349859199998, -9.912590742999953 ], [ -36.068395254999984, -9.894743226999935 ], [ -36.317722014999958, -9.763940661999982 ], [ -36.338213688999929, -9.739767884999935 ], [ -36.333566562999977, -9.701389542999948 ], [ -36.285408167999947, -9.70022735699996 ], [ -36.169078785999943, -9.783187411999961 ], [ -35.964326439999979, -9.893406394999943 ], [ -35.798246535999965, -9.901715681999974 ], [ -35.738225721999981, -9.821391367999979 ], [ -35.709160951999934, -9.739459216999933 ], [ -35.669099647999928, -9.682776029999957 ], [ -35.588363981999976, -9.670991705999938 ], [ -35.570733048999955, -9.625850799999967 ], [ -35.46875388899997, -9.572478252999929 ], [ -35.453618550999977, -9.529674172999933 ], [ -35.41367790299995, -9.517103493999969 ], [ -35.39498360999994, -9.472028615999932 ], [ -35.348930234999955, -9.453695748999962 ], [ -35.337417784999957, -9.374814112999957 ], [ -35.233936393999954, -9.361346117999972 ], [ -35.221631111999955, -9.302025293999975 ], [ -35.191291914999965, -9.275213806999943 ], [ -35.202559988999951, -9.200235906999978 ], [ -35.181254145999958, -9.162891598999977 ], [ -35.136780752999982, -9.132607310999958 ], [ -35.141724832999955, -9.102987807999966 ], [ -35.08593729699993, -9.031475808999971 ], [ -35.037485536999952, -8.996496884999942 ], [ -35.013202500999967, -8.904994729999942 ], [ -35.028194459999952, -8.888046244999941 ], [ -35.104217627999958, -8.876179898999965 ], [ -35.375470001999929, -8.858914497999933 ], [ -35.435485407999977, -8.809605780999959 ], [ -35.478028119999976, -8.856324653999934 ], [ -35.541800224999974, -8.877812966999954 ], [ -35.597315205999962, -8.924870258999931 ], [ -35.665172064999979, -8.92088737499995 ], [ -35.696035109999968, -8.868426295999939 ], [ -35.836418656999967, -8.86967462299998 ], [ -35.866663184999936, -8.92248167799994 ], [ -36.020805335999967, -8.931310806999932 ], [ -36.033628888999942, -9.072561975999974 ], [ -36.198152127999947, -9.134204637999972 ], [ -36.149386535999952, -9.176734271999976 ], [ -36.15505787099994, -9.205936083999973 ], [ -36.329820545999951, -9.211668820999932 ], [ -36.381528356999979, -9.264520955999956 ], [ -36.48643829699995, -9.318508404999932 ], [ -36.551062130999981, -9.333824801999981 ], [ -36.575290754999969, -9.328717663999953 ], [ -36.62414734999993, -9.270615213999974 ], [ -36.719983430999946, -9.305410364999943 ], [ -36.80714633499997, -9.272735477999959 ], [ -36.852175865999982, -9.363273094999954 ], [ -36.891901036999968, -9.386302167999929 ], [ -36.931546296999954, -9.374954072999969 ], [ -37.023849219999931, -9.278709702999947 ], [ -37.11558277599994, -9.242979334999973 ], [ -37.182692940999971, -9.245539310999959 ], [ -37.211023743999931, -9.188249183999972 ], [ -37.272458083999936, -9.126243934999934 ], [ -37.40553736399994, -9.072000317999937 ], [ -37.428567751999935, -9.010791002999952 ], [ -37.490053306999982, -8.99893534399996 ], [ -37.570142251999982, -9.019541877999927 ], [ -37.632271240999955, -8.999467828999968 ], [ -37.654497050999964, -8.951878608999948 ], [ -37.697746222999967, -8.936443852999957 ], [ -37.713108043999966, -8.892546879999941 ], [ -37.744789558999969, -8.886890630999972 ], [ -37.762357411999972, -8.905255248999936 ], [ -37.768430825999928, -8.991427623999925 ], [ -37.817345477999936, -9.012431542999934 ], [ -37.881702738999934, -9.15259107199995 ], [ -38.024452718999953, -9.189443446999974 ], [ -38.084925419999934, -9.25027145699994 ], [ -38.109247582999956, -9.31798764399997 ] ] ] } },
{ "type": "Feature", "properties": { "shapeName": "Acre", "shapeISO": "BR-AC", "shapeID": "14911670B96632893955983", "shapeGroup": "BRA", "shapeType": "ADM1", "region": "North" }, "geometry": { "type": "Polygon", "coordinates": [ [ [ -73.268218512999965, -7.336350572999947 ], [ -73.816467527999976, -7.113622821999968 ], [ -73.825408288999938, -7.13255206499997 ], [ -73.823188950999963, -7.189515587999949 ], [ -73.793465681999976, -7.229063177999933 ], [ -73.797716678999961, -7.251796737999939 ], [ -73.977159688999961, -7.312255027999981 ], [ -73.992027992999965, -7.454326969999954 ], [ -74.037121682999953, -7.509030701999961 ], [ -74.037890471999958, -7.560756043999959 ], [ -73.969141939999986, -7.619185942999934 ], [ -73.954169579999984, -7.662382621999939 ], [ -73.910789446999956, -7.677410287999976 ], [ -73.896279830999958, -7.740400077999936 ], [ -73.78982827599998, -7.75708265399993 ], [ -73.794257220999953, -7.815857672999925 ], [ -73.835962799999947, -7.86446816299997 ], [ -73.837099661999957, -7.95239754499994 ], [ -73.760035373999983, -7.956125251999936 ], [ -73.673306183999955, -8.046927859999926 ], [ -73.650846309999963, -8.094512057999964 ], [ -73.646893732999956, -8.215672347999941 ], [ -73.596752077999952, -8.274678189999975 ], [ -73.58388077099994, -8.339162934999933 ], [ -73.539968557999941, -8.35354369199996 ], [ -73.462911724999969, -8.449596131999954 ], [ -73.373817914999961, -8.47812334799994 ], [ -73.338543249999987, -8.538047680999966 ], [ -73.346682437999959, -8.648894531999929 ], [ -73.306515462999982, -8.662847491999969 ], [ -73.283621250999943, -8.710377702999949 ], [ -73.144520607999937, -8.71994207299997 ], [ -73.125369721999959, -8.741433127999926 ], [ -73.10992925499994, -8.816949019999981 ], [ -73.055591296999978, -8.850408193999954 ], [ -72.989799621999964, -8.946771282999975 ], [ -72.971486169999935, -9.006628975999945 ], [ -72.973177307999947, -9.075335883999969 ], [ -72.992894770999953, -9.110580820999928 ], [ -73.037079607999942, -9.12513660999997 ], [ -73.049625129999981, -9.164841774999957 ], [ -73.090626120999957, -9.20709401299996 ], [ -73.143459532999941, -9.242059409999968 ], [ -73.16771711399997, -9.321268132999933 ], [ -73.21630646999995, -9.32057010099993 ], [ -73.210448284999984, -9.389074419999929 ], [ -72.687725711999974, -9.414676387999975 ], [ -72.644670143999974, -9.42784463199996 ], [ -72.603343388999974, -9.48066900699996 ], [ -72.539671535999958, -9.465896810999936 ], [ -72.373165016999963, -9.476922847999958 ], [ -72.262585030999958, -9.601218049999943 ], [ -72.300294777999966, -9.717434968999953 ], [ -72.25188660799995, -9.740661063999937 ], [ -72.228660084999945, -9.780523481999978 ], [ -72.224827307999988, -9.979024027999969 ], [ -72.206365673999983, -10.000974334999967 ], [ -72.139642126999945, -9.983809085999951 ], [ -71.317604901999971, -9.980346853999947 ], [ -71.239493598999957, -9.929778662999979 ], [ -71.14186553899998, -9.921427777999952 ], [ -71.128659789999972, -9.858649707999973 ], [ -71.10760658099997, -9.835015731999931 ], [ -70.982524457999943, -9.823304708999956 ], [ -70.979351148999967, -9.729566615999943 ], [ -70.820592954999938, -9.588596602999928 ], [ -70.767395635999947, -9.574063790999958 ], [ -70.676644089999968, -9.489620036999952 ], [ -70.649650167999937, -9.487986453999952 ], [ -70.626907668999934, -9.516441215999976 ], [ -70.621892395999964, -9.62264816499993 ], [ -70.586514281999939, -9.66646738999998 ], [ -70.621413986999983, -9.709422921999931 ], [ -70.644509041999981, -9.810640368999941 ], [ -70.644702721999977, -10.92537985499996 ], [ -70.620077512999956, -10.994917976999943 ], [ -70.522618048999959, -10.983561846999976 ], [ -70.349731935999955, -11.068984789999945 ], [ -70.233461109999951, -11.082268481999961 ], [ -70.207023819999961, -11.069628457999954 ], [ -70.181426286999965, -11.022678540999948 ], [ -70.065356575999942, -11.013074920999941 ], [ -70.068557295999938, -10.928005330999952 ], [ -69.976320963999967, -10.921562786999971 ], [ -69.908141180999962, -10.887648643999967 ], [ -69.781275526999934, -10.907640122999965 ], [ -69.744131559999971, -10.954849378999938 ], [ -69.709608702999958, -10.962616973999957 ], [ -69.435080174999939, -10.96095652799994 ], [ -69.40740434099996, -10.91112353699998 ], [ -69.381731067999965, -10.90489325599998 ], [ -69.295962188999965, -10.993790582999964 ], [ -69.262846933999981, -10.956132570999955 ], [ -69.136871430999975, -10.94547307299996 ], [ -68.993932598999947, -10.977685145999942 ], [ -68.946560632999933, -11.02036615399993 ], [ -68.818223441999976, -11.037322001999939 ], [ -68.709572142999946, -11.125800417999926 ], [ -68.60516727199996, -11.139330579999978 ], [ -68.468560473999958, -11.012039698999956 ], [ -68.32892273799996, -10.994370808999975 ], [ -68.285763345999953, -10.958351157999971 ], [ -68.231560140999989, -10.955370196999979 ], [ -68.221125567999934, -10.879723709999951 ], [ -68.19104372399994, -10.855551211999966 ], [ -68.180828105999979, -10.819578450999927 ], [ -68.134924598999987, -10.801413299999979 ], [ -68.116318288999935, -10.756432164999978 ], [ -68.056500280999956, -10.744266767999932 ], [ -68.039180772999941, -10.67911081099993 ], [ -67.889883689999976, -10.672839535999969 ], [ -67.824807131999933, -10.641876560999947 ], [ -67.780865184999982, -10.672627115999944 ], [ -67.688498749999951, -10.671158462999927 ], [ -67.635479717999942, -10.529849874999968 ], [ -67.614287801999978, -10.50764705399996 ], [ -67.567419262999977, -10.496367253999949 ], [ -67.499134348999974, -10.431524466999974 ], [ -67.428547133999984, -10.41906516399996 ], [ -67.39799026299994, -10.355610419999948 ], [ -67.318390640999951, -10.343769272999964 ], [ -67.297051301999943, -10.295405650999953 ], [ -67.103492955999968, -10.286723506999977 ], [ -67.085420395999961, -10.240868122999927 ], [ -67.002232960999947, -10.20753904299994 ], [ -66.987803090999932, -10.140255587999945 ], [ -66.923554266999986, -10.103537009999968 ], [ -66.866776206999987, -10.033839357999966 ], [ -66.774125595999976, -10.000804310999968 ], [ -66.750257494999971, -9.969329150999954 ], [ -66.705872158999966, -9.956493776999935 ], [ -66.675773947999971, -9.913987179999936 ], [ -66.606784468999933, -9.89247891499997 ], [ -66.625080235999974, -9.836530053999979 ], [ -66.68512511199998, -9.801576070999943 ], [ -66.752071133999948, -9.786875686999963 ], [ -66.771162969999978, -9.758354803999964 ], [ -66.812614962999987, -9.766761886999973 ], [ -66.914643147999982, -9.72383092299998 ], [ -67.044801599999971, -9.663895558999968 ], [ -67.114480052999966, -9.607302481999966 ], [ -67.41262560399997, -9.524664718999929 ], [ -67.67917893799995, -9.399571760999947 ], [ -67.891364437999982, -9.269592731999978 ], [ -68.207672421999973, -9.19982155799994 ], [ -68.490100150999979, -9.061231606999968 ], [ -68.698735986999964, -8.930820700999959 ], [ -68.787551504999954, -8.915963492999936 ], [ -68.987709543999983, -8.814315664999981 ], [ -69.192010412999934, -8.69108545399996 ], [ -69.456689729999937, -8.606714439999962 ], [ -69.73667213799996, -8.420192957999973 ], [ -70.165342883999983, -8.248884779999969 ], [ -70.249600640999972, -8.195732178999947 ], [ -70.361757761999968, -8.087483382999949 ], [ -70.498046158999955, -8.06498899199994 ], [ -70.654230974657878, -8.011125877786428 ], [ -70.981770351999955, -7.954154470999981 ], [ -71.258949332999975, -7.928824741999961 ], [ -71.642273342999943, -7.851063140999941 ], [ -71.918533493999973, -7.786356832999957 ], [ -71.981327236999959, -7.751182357999937 ], [ -72.247219521999966, -7.667370296999934 ], [ -72.774116791999973, -7.573459639999953 ], [ -73.208442659999946, -7.383040024999957 ], [ -73.268218512999965, -7.336350572999947 ] ] ] } },
{ "type": "Feature", "properties": { "shapeName": "Rondonia", "shapeISO": "BR-RO", "shapeID": "14911670B1613159902410", "shapeGroup": "BRA", "shapeType": "ADM1", "region": "North" }, "geometry": { "type": "Polygon", "coordinates": [ [ [ -66.681355247999988, -9.664148917999967 ], [ -66.772051399999953, -9.749275152999928 ], [ -66.755473826999946, -9.784632904999967 ], [ -66.634108208999976, -9.829648772999974 ], [ -66.610924352999973, -9.852460329999928 ], [ -66.598079349999978, -9.903942960999927 ], [ -66.563002686999937, -9.922531088999961 ], [ -66.549492524999948, -9.871759208999947 ], [ -66.376182304999986, -9.863135368999963 ], [ -66.338178576999951, -9.794710266999971 ], [ -66.281018054999947, -9.810002133999944 ], [ -66.145891219999953, -9.80722093199995 ], [ -66.124107720999973, -9.784658297999954 ], [ -66.131327674999966, -9.738988182999947 ], [ -66.103202171999953, -9.716002569999944 ], [ -66.030454178999946, -9.718822986999953 ], [ -65.989391825999974, -9.764304379999942 ], [ -65.902513442999975, -9.715718224999932 ], [ -65.728899178999939, -9.715407997999932 ], [ -65.714648495999938, -9.752518256999963 ], [ -65.644194150999965, -9.804693113999974 ], [ -65.580794869999977, -9.81148871399995 ], [ -65.541989461999947, -9.802593875999946 ], [ -65.495368933999941, -9.766393209999933 ], [ -65.463899333999962, -9.680180407999956 ], [ -65.358662083999945, -9.682878207999977 ], [ -65.300062670999978, -9.75857764999995 ], [ -65.316677181999978, -9.821010919999935 ], [ -65.300749782999958, -9.904837965999945 ], [ -65.316032132999965, -9.959864886999981 ], [ -65.28656228899996, -10.032273525999926 ], [ -65.299840675999974, -10.180682252999929 ], [ -65.349088837999943, -10.25693477599998 ], [ -65.339197680999973, -10.315484329999947 ], [ -65.386638182999945, -10.407397418999949 ], [ -65.393638253999939, -10.572772544999964 ], [ -65.358720827999946, -10.614828426999964 ], [ -65.352376109999966, -10.722516759999962 ], [ -65.286392020999983, -10.767922294999948 ], [ -65.261886138999955, -10.831131101999972 ], [ -65.295104490999961, -10.919297653999934 ], [ -65.301351021999949, -10.991053978999958 ], [ -65.355163694999987, -11.077669648999972 ], [ -65.35486934499994, -11.210867013999973 ], [ -65.323594098999934, -11.260224464999965 ], [ -65.349634316999982, -11.300382 ], [ -65.308893166999951, -11.347303487999966 ], [ -65.272906102999968, -11.469175083999971 ], [ -65.242696889999934, -11.492149410999957 ], [ -65.221025925999982, -11.597476946999961 ], [ -65.237034151999978, -11.660650062999935 ], [ -65.221533746999967, -11.693476101999977 ], [ -65.130169052999975, -11.775187727999935 ], [ -65.114472105999937, -11.695489968999937 ], [ -65.070544889999951, -11.695522457999971 ], [ -65.081932257999938, -11.821806670999933 ], [ -65.037661750999973, -11.931847599999969 ], [ -64.898003912999968, -11.958326878999969 ], [ -64.878852304999953, -12.014230212999962 ], [ -64.782027651999954, -12.131942748999961 ], [ -64.721738945999959, -12.152327842999966 ], [ -64.668327971999986, -12.19442695999993 ], [ -64.595027904999938, -12.187758277999933 ], [ -64.560962104999987, -12.219988856999976 ], [ -64.503615516999957, -12.21450572699996 ], [ -64.492195868999943, -12.332931306999967 ], [ -64.414060658999972, -12.409230830999945 ], [ -64.33752973299994, -12.446032232999926 ], [ -64.176855796999973, -12.433822483999961 ], [ -64.107054070999936, -12.470485400999962 ], [ -63.890463460999968, -12.471975857999951 ], [ -63.860550511999975, -12.46443585399993 ], [ -63.842297873999939, -12.421009497999933 ], [ -63.809543547999965, -12.445550356999945 ], [ -63.742438739999955, -12.434385455999973 ], [ -63.63144929799995, -12.459215512999947 ], [ -63.551136410999959, -12.495324498999935 ], [ -63.527220539999973, -12.553092290999928 ], [ -63.445010173999947, -12.583644647999961 ], [ -63.368709992999982, -12.667645251999943 ], [ -63.102998344999946, -12.685291728999971 ], [ -63.047539659999984, -12.740327377999961 ], [ -63.020852930999979, -12.82030139099993 ], [ -62.932802464999952, -12.843299555999977 ], [ -62.809959240999945, -12.913925143999961 ], [ -62.789892227999985, -12.981253314999947 ], [ -62.617747154999961, -13.00769943399996 ], [ -62.54529482199996, -13.058029059999967 ], [ -62.437872863999985, -13.065569908999976 ], [ -62.370100348999983, -13.115897033999943 ], [ -62.200369620999936, -13.123705814999937 ], [ -62.127392078999947, -13.211428164999973 ], [ -62.102750111999967, -13.28171012599995 ], [ -62.006931797999982, -13.315270185999964 ], [ -61.99280628799994, -13.361509449999971 ], [ -61.952044674999968, -13.390726806999965 ], [ -61.950251984999966, -13.416279008999936 ], [ -61.887979051999935, -13.432257642999957 ], [ -61.878442861999986, -13.490197318999947 ], [ -61.856736920999936, -13.51114584499993 ], [ -61.781644220999965, -13.498475977999931 ], [ -61.029522652999958, -13.498418717999982 ], [ -60.955221738999967, -13.515828398999929 ], [ -60.916820687999973, -13.504216136999958 ], [ -60.900642884999968, -13.60589499799994 ], [ -60.778416152999966, -13.616047203999926 ], [ -60.757417133999979, -13.641999916999964 ], [ -60.759233566999967, -13.684935073999952 ], [ -60.683016383999984, -13.684584412999982 ], [ -60.659164224999984, -13.568463751999957 ], [ -60.592612609999946, -13.54512841199994 ], [ -60.555006139999932, -13.504198671999973 ], [ -60.403654029999984, -13.431625468999982 ], [ -60.397091602999978, -13.323348225999951 ], [ -60.346038211999939, -13.298167170999932 ], [ -60.273077121999961, -13.058106666999947 ], [ -60.236576939999964, -13.030976777999967 ], [ -60.178105974999937, -12.935378627999967 ], [ -60.113102095999977, -12.921773034999944 ], [ -60.060324925999964, -12.854742337999937 ], [ -60.031379711999932, -12.559672984999963 ], [ -59.956886827999938, -12.467430117999982 ], [ -59.827980494999963, -12.439029106999953 ], [ -59.776389617999939, -12.327306275999945 ], [ -59.779305866999948, -12.294909920999942 ], [ -59.862295302999939, -12.227180512999951 ], [ -59.882277191999947, -12.106550049999953 ], [ -59.938306756999964, -12.033796431999974 ], [ -59.985867037999981, -11.927740980999943 ], [ -59.994226536999975, -11.871318730999974 ], [ -60.092558813999972, -11.859160618999965 ], [ -60.106284012999936, -11.842154373999961 ], [ -60.103929493999942, -11.545969036999963 ], [ -59.950673707999954, -11.416640826999981 ], [ -59.91706189699994, -11.306601833999935 ], [ -60.003578561999973, -11.121013900999969 ], [ -60.068211589999976, -11.055054711999958 ], [ -60.126449891999982, -11.037502076999942 ], [ -60.204791686999954, -11.095640325999966 ], [ -60.246515638999938, -11.04918827299997 ], [ -60.389262765999945, -11.035157322999964 ], [ -60.410447362999946, -11.006254498999965 ], [ -60.450961760999974, -10.993374512999935 ], [ -60.462642482999968, -10.934121840999978 ], [ -60.483610446999933, -10.924165182999957 ], [ -61.488526233999949, -10.924822731999939 ], [ -61.527984509999953, -10.914171186999965 ], [ -61.529184423999936, -10.804659324999932 ], [ -61.480652956999961, -10.767977190999943 ], [ -61.473481971999945, -10.74510147899997 ], [ -61.479944011999976, -10.341258316999927 ], [ -61.488965035999968, -10.309627254999953 ], [ -61.588806476999935, -10.213945315999979 ], [ -61.575166188999958, -10.153694067999936 ], [ -61.590629996999951, -10.039360121999948 ], [ -61.583034946999987, -10.009969811999952 ], [ -61.532897729999945, -9.983150586999955 ], [ -61.516486589999943, -9.833549246999951 ], [ -61.52753852799998, -9.685831247999943 ], [ -61.483624728999985, -9.623801877999938 ], [ -61.468096789999947, -9.55761681599995 ], [ -61.588730943999963, -9.422110360999966 ], [ -61.53544941399997, -9.348264216999951 ], [ -61.57832456999995, -9.312142845999972 ], [ -61.59523838399997, -9.231210375999979 ], [ -61.54254676499994, -9.171982406999973 ], [ -61.531254677999982, -8.982885980999981 ], [ -61.482884088999981, -8.903899109999941 ], [ -61.472192963999987, -8.828690446999929 ], [ -61.661779647999936, -8.649043932999973 ], [ -61.71811447999994, -8.63193001999997 ], [ -61.748370554999951, -8.63636926199996 ], [ -61.836940646999949, -8.739039934999937 ], [ -61.922499301999949, -8.807262203999926 ], [ -61.974022025999943, -8.812831961999962 ], [ -62.017653167999981, -8.762852151999937 ], [ -62.134226407999961, -8.734192552999957 ], [ -62.170906982999952, -8.53296238799993 ], [ -62.234076773999959, -8.518521159999977 ], [ -62.267370782999933, -8.585524584999973 ], [ -62.297758482999939, -8.595145446999936 ], [ -62.375254541999936, -8.325080911999976 ], [ -62.533915754999953, -8.29420046499996 ], [ -62.652516538999976, -8.175064584999973 ], [ -62.676963895999961, -8.030725700999938 ], [ -62.818483163999986, -7.953875489999973 ], [ -62.85607037699998, -7.913480772999947 ], [ -63.623659681999982, -7.900396508999961 ], [ -63.646151829999951, -8.029101493999974 ], [ -63.690864962999967, -8.082263832999956 ], [ -63.70127374599997, -8.188871357999972 ], [ -63.744541377999951, -8.293733148999934 ], [ -63.797421485999962, -8.305829487999972 ], [ -63.825693695999973, -8.253535584999952 ], [ -63.873003650999976, -8.257707725999978 ], [ -63.902462527999944, -8.408247815999971 ], [ -63.968514445999972, -8.440869536999969 ], [ -63.916398249999986, -8.472817864999968 ], [ -63.916079127999978, -8.509107789999973 ], [ -63.962839527999961, -8.527518811999926 ], [ -63.978380725999955, -8.570321629999967 ], [ -64.02178532299996, -8.58532071299993 ], [ -64.034250641999961, -8.625060685999927 ], [ -64.075568819999944, -8.667125662999979 ], [ -64.136260651999976, -8.698590331999981 ], [ -64.152671519999956, -8.918889487999934 ], [ -64.199704942999972, -8.942875607999952 ], [ -64.269405033999988, -8.942484951999973 ], [ -64.329389598999967, -8.873119802999952 ], [ -64.361091960999943, -8.868029614999955 ], [ -64.423253732999967, -8.93850656199993 ], [ -64.529880556999956, -8.931163596999966 ], [ -64.611995950999983, -9.004199727999946 ], [ -64.657325958999934, -8.99338251599994 ], [ -64.686259921999977, -8.947704891999933 ], [ -64.704991387999939, -8.951077579999946 ], [ -64.717312283999945, -8.992116787999976 ], [ -64.741334582999968, -9.001796210999942 ], [ -64.763292491999948, -8.995652188999941 ], [ -64.789260698999954, -8.956170203999932 ], [ -64.823508402999948, -8.949596860999975 ], [ -64.943983471999957, -9.062049259999981 ], [ -64.934223650999968, -9.17194385199997 ], [ -64.948583191999944, -9.251689446999933 ], [ -65.046667813999932, -9.319627583999932 ], [ -65.086449540999979, -9.37984591999998 ], [ -65.164558036999949, -9.388766335999946 ], [ -65.191832075999969, -9.230964275999952 ], [ -65.264662187999988, -9.210402403999979 ], [ -65.426751267999975, -9.29371569999995 ], [ -65.437235570999974, -9.363610385999948 ], [ -65.383602850999978, -9.404226911999956 ], [ -65.37840134399994, -9.432161683999936 ], [ -65.482778841999959, -9.449323441999979 ], [ -65.534733552999967, -9.396262416999946 ], [ -65.646230620999972, -9.383744092999962 ], [ -65.701750710999988, -9.490135909999935 ], [ -65.762056198999971, -9.541670673999931 ], [ -65.831649857999935, -9.490986342999975 ], [ -65.998196194999935, -9.309821272999955 ], [ -66.047423959999946, -9.378858969999953 ], [ -66.333883843999956, -9.398899061999941 ], [ -66.37347639799998, -9.480480525999951 ], [ -66.481253399999957, -9.585640483999953 ], [ -66.575757387999943, -9.610508718999938 ], [ -66.681355247999988, -9.664148917999967 ] ] ] } },
{ "type": "Feature", "properties": { "shapeName": "Sergipe", "shapeISO": "BR-SE", "shapeID": "14911670B86532577506919", "shapeGroup": "BRA", "shapeType": "ADM1", "region": "Northeast" }, "geometry": { "type": "Polygon", "coordinates": [ [ [ -37.813557057999958, -9.573493289999931 ], [ -37.966729746778839, -9.564156552342471 ], [ -37.99546090299998, -9.585522452999953 ], [ -37.99342027631247, -9.60638504369855 ], [ -37.950562262999938, -9.629694036999979 ], [ -37.939850896999985, -9.652295116999937 ], [ -37.990855723999971, -9.696144176999951 ], [ -37.999309325999945, -9.772050390999937 ], [ -37.947460558999978, -9.812029434999943 ], [ -37.927034438999954, -9.953235867999979 ], [ -37.865055350999967, -10.012742504999949 ], [ -37.776147231999971, -10.034321015999978 ], [ -37.75432743999994, -10.102913354999941 ], [ -37.711669103999952, -10.15876146599993 ], [ -37.708020227999953, -10.29670437599998 ], [ -37.755272902999934, -10.343650847999982 ], [ -37.782288932999961, -10.415957359999936 ], [ -37.757982626999933, -10.52304382899996 ], [ -37.769782418999966, -10.661761861999935 ], [ -37.784432207999942, -10.688686036999968 ], [ -37.88225965099997, -10.736875253999926 ], [ -37.957455011999969, -10.724450527999977 ], [ -38.005985330999977, -10.692654385999958 ], [ -38.076168941999981, -10.728244484999948 ], [ -38.118525940999973, -10.693455866999955 ], [ -38.168322198999931, -10.704348395999943 ], [ -38.18004596399993, -10.73735544699997 ], [ -38.164642022999942, -10.921816658999944 ], [ -38.105063514999983, -11.022367762999977 ], [ -38.067248738999979, -11.055684059999976 ], [ -38.043163418999939, -11.122282624999968 ], [ -37.950758825999969, -11.208864401999961 ], [ -37.921758451999949, -11.430501545999959 ], [ -37.839425240999958, -11.451394604999962 ], [ -37.81172547999995, -11.493390145999967 ], [ -37.712976429999969, -11.532460088999926 ], [ -37.592978966999965, -11.554451450999977 ], [ -37.497538411999983, -11.532385959999942 ], [ -37.327767826999946, -11.552537356999949 ], [ -37.270366038999953, -11.446411419999947 ], [ -37.222224806999975, -11.41134866699997 ], [ -37.193367581999951, -11.33537778699997 ], [ -37.12678847899997, -11.281071399999973 ], [ -37.094772711999951, -11.216777984999965 ], [ -37.027992992999941, -11.148283762999938 ], [ -37.002585383999929, -11.039919190999967 ], [ -37.008886264999944, -10.948933341999975 ], [ -37.214868367999941, -10.726197270999933 ], [ -37.28728339099996, -10.610856828999943 ], [ -37.232460783999954, -10.62250910399996 ], [ -37.072884468999973, -10.81824857099997 ], [ -36.961962917999983, -10.927244318999954 ], [ -36.928587021999931, -10.938343997999937 ], [ -36.876017574999935, -10.920336557999974 ], [ -36.858605115999978, -10.874136741999962 ], [ -36.81183559699997, -10.857064326999932 ], [ -36.765527804999977, -10.759960013999944 ], [ -36.703116248999947, -10.681729984999947 ], [ -36.657599026999947, -10.668725556999959 ], [ -36.610001015999956, -10.624912735999942 ], [ -36.566336505999971, -10.632807647999925 ], [ -36.48190872999993, -10.592519707999941 ], [ -36.426719171999935, -10.528630507999935 ], [ -36.366932000999952, -10.516544499999952 ], [ -36.332847593999929, -10.490049379999959 ], [ -36.307222062999983, -10.495176084999969 ], [ -36.303027397999983, -10.454624601999967 ], [ -36.326147157999969, -10.410543192999967 ], [ -36.357470016999969, -10.39035929299996 ], [ -36.462113741999929, -10.396947396999963 ], [ -36.480475910999985, -10.294576470999971 ], [ -36.503116152999951, -10.268047870999965 ], [ -36.638467351999964, -10.268777394999972 ], [ -36.670124113999975, -10.225543015999961 ], [ -36.809215783999946, -10.165772698999945 ], [ -36.874677436999946, -10.081301229999951 ], [ -36.899120816999982, -10.014870704999964 ], [ -36.967553843999951, -9.966826227999945 ], [ -37.058707867999942, -9.917168078999964 ], [ -37.141017179999949, -9.895709299999965 ], [ -37.26160677699994, -9.805504970999948 ], [ -37.384112648999974, -9.778003530999968 ], [ -37.440963155999953, -9.727943363999941 ], [ -37.629240102999972, -9.646312181999974 ], [ -37.667370243999983, -9.60059758999995 ], [ -37.733874059999948, -9.621216749999974 ], [ -37.813557057999958, -9.573493289999931 ] ] ] } },
{ "type": "Feature", "properties": { "shapeName": "Tocantins", "shapeISO": "BR-TO", "shapeID": "14911670B72497658138655", "shapeGroup": "BRA", "shapeType": "ADM1", "region": "North" }, "geometry": { "type": "Polygon", "coordinates": [ [ [ -50.165619287999959, -9.621715515999938 ], [ -50.24333136599995, -9.871197600999949 ], [ -50.281880310999952, -9.909239088999925 ], [ -50.302866631999962, -10.024376988999961 ], [ -50.397266396999953, -10.116035152999928 ], [ -50.418311066999934, -10.307283514999938 ], [ -50.511953760999972, -10.429894813999965 ], [ -50.535714965999944, -10.563748 ], [ -50.595459474999984, -10.652536018999967 ], [ -50.586272056999974, -10.763367811999956 ], [ -50.635160909999968, -10.822788468999931 ], [ -50.652766328999974, -11.113150012999938 ], [ -50.674183438999933, -11.161628214999951 ], [ -50.691362262999974, -11.285077678999926 ], [ -50.746701559999963, -11.341210512999965 ], [ -50.731956630999946, -11.566418236999937 ], [ -50.678475845999969, -11.626842895999971 ], [ -50.691911739999966, -11.672529233999967 ], [ -50.738836964999962, -11.705145811999955 ], [ -50.744039769999972, -11.733954616999938 ], [ -50.728927736999935, -11.797137702999976 ], [ -50.666403466999952, -11.88654795399998 ], [ -50.688140034999947, -12.005219556999975 ], [ -50.67137078899998, -12.227714544999969 ], [ -50.643075040999975, -12.31268197199995 ], [ -50.645193763999941, -12.436107187999937 ], [ -50.681070887999965, -12.476390079999931 ], [ -50.681858333999969, -12.64988305299994 ], [ -50.646006857999964, -12.696116692999965 ], [ -50.616659669999933, -12.82688779199998 ], [ -50.513120255999979, -12.82718631299997 ], [ -50.460273780999955, -12.669030495999948 ], [ -50.357412952999937, -12.578982921999966 ], [ -50.342816813999946, -12.516996222999978 ], [ -50.299364749999938, -12.501946411999938 ], [ -50.28051600699996, -12.456121961999941 ], [ -50.252128864999975, -12.452985705999936 ], [ -50.233445662999941, -12.476717933999964 ], [ -50.234362792999946, -12.604441907999956 ], [ -50.287193103999982, -12.63456014999997 ], [ -50.294425154999942, -12.761761897999975 ], [ -50.346505430999969, -12.787379457999975 ], [ -50.34441422499998, -12.826547153999968 ], [ -50.244012709999936, -12.838011201999961 ], [ -50.218043488999967, -12.888051942999937 ], [ -50.077562736999937, -12.891690349999976 ], [ -50.027478565999957, -12.912735583999961 ], [ -49.931765645999974, -12.982587354999964 ], [ -49.602795778999962, -13.143017043999976 ], [ -49.430193609999947, -13.281791694999981 ], [ -49.386089502999937, -13.286276749999956 ], [ -49.36353859999997, -13.146418444999938 ], [ -49.306248811999978, -13.039583070999981 ], [ -49.267814591999979, -13.007413669999949 ], [ -49.247311654999976, -12.925597464999953 ], [ -49.18318893999998, -12.859912527999938 ], [ -49.116470603999971, -12.837901396999939 ], [ -49.061910273999956, -12.904663135999954 ], [ -48.998954736999963, -12.939985664999938 ], [ -48.962596110999982, -12.94134967399998 ], [ -48.824656502999972, -12.85518478399996 ], [ -48.78047616899994, -12.93038138199995 ], [ -48.757988643999965, -13.013165116999971 ], [ -48.643612425999947, -13.028029725999943 ], [ -48.625094138999941, -13.072981746999972 ], [ -48.58157319299994, -13.08764432299995 ], [ -48.567324866999968, -13.189002399999936 ], [ -48.52692610899993, -13.19080646499998 ], [ -48.508217465999962, -13.144061119999947 ], [ -48.483789627999954, -13.143526153999971 ], [ -48.466943945999958, -13.267116051999949 ], [ -48.316335075999973, -13.249042537999969 ], [ -48.290444808999951, -13.198819045999926 ], [ -48.203805616999944, -13.195240396999964 ], [ -48.186504024999977, -13.208738556999947 ], [ -48.17406836899994, -13.30500989899997 ], [ -48.092883139999969, -13.308047752999926 ], [ -48.044858968999961, -13.292197367999961 ], [ -47.813266703999943, -13.314872850999961 ], [ -47.771874286999946, -13.396712115999946 ], [ -47.701819703999945, -13.440576867999937 ], [ -47.677576039999963, -13.433481487999927 ], [ -47.665985492999937, -13.407424228999957 ], [ -47.682902486999978, -13.173585281999976 ], [ -47.660657215999947, -13.144661658999951 ], [ -47.580999925999947, -13.13581023699993 ], [ -47.478514132999976, -13.242086554999958 ], [ -47.303248387999986, -13.257825704999959 ], [ -47.249412155999948, -13.20627879999995 ], [ -47.081310173999952, -13.172142608999934 ], [ -46.747322462999932, -12.993011678999949 ], [ -46.42306118099998, -12.977379131999953 ], [ -46.393807713999934, -12.854599421999978 ], [ -46.376026180999986, -12.869500245999973 ], [ -46.360594558999935, -12.97230914599993 ], [ -46.317934823999963, -12.979688245999967 ], [ -46.309513995999964, -12.700651839999978 ], [ -46.258864595999967, -12.673588498999948 ], [ -46.252576500999965, -12.652525110999932 ], [ -46.259147880999933, -12.631348129999935 ], [ -46.30094446399994, -12.618924856999968 ], [ -46.30819582099997, -12.599179695999965 ], [ -46.219823886999961, -12.57941853799997 ], [ -46.212845613999946, -12.520204945999978 ], [ -46.248000471999944, -12.461683799999946 ], [ -46.257043487999965, -12.405949756999973 ], [ -46.306239480999977, -12.385517125999968 ], [ -46.345936045999963, -12.32884577599998 ], [ -46.359588611999982, -12.25801800399995 ], [ -46.406098378999957, -12.218419551999943 ], [ -46.403916236999976, -12.197512988999961 ], [ -46.358100987999933, -12.170040577999941 ], [ -46.34837835899998, -12.133722783999929 ], [ -46.398972028999935, -12.09398549499997 ], [ -46.411821103999955, -12.023508896999942 ], [ -46.334036957999956, -11.947170482999979 ], [ -46.213143375999948, -11.929993099999933 ], [ -46.193254175999982, -11.897379606999948 ], [ -46.329732675999935, -11.873384521999981 ], [ -46.351635207999948, -11.840506195999978 ], [ -46.308942361999982, -11.646588514999962 ], [ -46.25658438499994, -11.621797804999972 ], [ -46.255710726999951, -11.565399203999959 ], [ -46.460051369999974, -11.548778540999933 ], [ -46.474924647999956, -11.505991156999926 ], [ -46.521027858999958, -11.487764123999966 ], [ -46.53015950799994, -11.394031705999964 ], [ -46.579323036999938, -11.372970890999966 ], [ -46.601573674999941, -11.26246538099997 ], [ -46.480365377999931, -11.198600136999971 ], [ -46.45072209999995, -11.095738292999954 ], [ -46.399687489999963, -11.016408232999936 ], [ -46.325930253999957, -10.944696051999927 ], [ -46.300244622999969, -10.825463879999973 ], [ -46.194668735999983, -10.733525024999949 ], [ -46.202143873999944, -10.709310693999953 ], [ -46.247721352999974, -10.672149820999948 ], [ -46.089051987999937, -10.642299882999964 ], [ -46.031257187999984, -10.585758479999981 ], [ -46.001278653999975, -10.531082323999954 ], [ -45.855789998999967, -10.451575033999973 ], [ -45.828978871999936, -10.362447389999943 ], [ -45.71153563699994, -10.334928414999979 ], [ -45.670511718999933, -10.281442758999958 ], [ -45.669290435999983, -10.247621354999978 ], [ -45.717731804999971, -10.235589605999962 ], [ -45.810906208999938, -10.292237249999971 ], [ -45.902573864999965, -10.237200891999976 ], [ -45.946624639999982, -10.221242156999949 ], [ -45.99210394499994, -10.226261638999972 ], [ -46.060520961999941, -10.193271488999926 ], [ -46.17013613499995, -10.232349456999941 ], [ -46.22134837599998, -10.20268503099993 ], [ -46.387703939999938, -10.174767767999981 ], [ -46.416887654999982, -10.082679753999969 ], [ -46.458785615999943, -10.032916161999935 ], [ -46.478580176999969, -9.866931053999963 ], [ -46.571236110999962, -9.835471552999934 ], [ -46.639076339999974, -9.758083669999962 ], [ -46.644082676999972, -9.696099506999929 ], [ -46.590783848999934, -9.657904419999966 ], [ -46.569138218999967, -9.597270268999978 ], [ -46.588630844999955, -9.522342371999969 ], [ -46.630743152999969, -9.491372729999966 ], [ -46.696645953999962, -9.401734620999946 ], [ -46.809479909999936, -9.371353251999949 ], [ -46.831427166999958, -9.322017002999928 ], [ -46.87330155799998, -9.288487402999976 ], [ -46.829238442999952, -9.260657551999941 ], [ -46.819492217999937, -9.230816790999938 ], [ -46.886648604999948, -9.166919280999934 ], [ -46.955694236999932, -9.125069494999934 ], [ -47.080181926999956, -9.112891345999969 ], [ -47.107112249999943, -9.097823526999946 ], [ -47.106833962999985, -9.072322618999976 ], [ -47.063143193999963, -9.044305552999958 ], [ -47.026846142999943, -8.92852569799993 ], [ -46.986402874999953, -8.874464083999953 ], [ -46.939577357999951, -8.856744512999967 ], [ -46.93361368799998, -8.732903298999929 ], [ -46.917834567999932, -8.68968085299997 ], [ -46.933509752999953, -8.61486752299993 ], [ -46.887857784999937, -8.580469187999938 ], [ -46.868289284999946, -8.502976498999942 ], [ -46.828751214999954, -8.46413298799996 ], [ -46.806523755999933, -8.39568927199997 ], [ -46.671760698999947, -8.381217839999977 ], [ -46.52976469999993, -8.316839874999971 ], [ -46.522909431999949, -8.224946521999925 ], [ -46.47238052299997, -8.108737660999964 ], [ -46.463673796999956, -8.001314358999934 ], [ -46.479861634999963, -7.985909100999947 ], [ -46.567856766999967, -7.969530296999949 ], [ -46.605046417999972, -7.928962684999931 ], [ -46.726950794999937, -7.91755216599995 ], [ -46.780174639999984, -7.952325138999981 ], [ -46.893709853999951, -7.97111504999998 ], [ -46.926232221999953, -8.012578842999972 ], [ -46.986493453999969, -8.025554979999981 ], [ -47.004840268999942, -8.072036945999969 ], [ -47.04160842899995, -8.072386704999928 ], [ -47.101801127999977, -8.00218474299993 ], [ -47.128143120999937, -7.936024448999945 ], [ -47.262658922999947, -7.852783475999956 ], [ -47.271710932999952, -7.758013668999979 ], [ -47.322581968999941, -7.733259700999952 ], [ -47.332621006999943, -7.61890053299993 ], [ -47.376235470999973, -7.604178531999935 ], [ -47.394398722999938, -7.558560352999962 ], [ -47.491347610999981, -7.529873241999951 ], [ -47.512609574999942, -7.48139514199994 ], [ -47.574265091999962, -7.466901273999952 ], [ -47.565156732999981, -7.43668839999998 ], [ -47.508478398999955, -7.398006473999942 ], [ -47.501585391999981, -7.296488143999966 ], [ -47.594700376999981, -7.280674584999929 ], [ -47.632072523999966, -7.326359785999955 ], [ -47.667867962999935, -7.336265683999954 ], [ -47.694932242999982, -7.248601375999954 ], [ -47.792076149999957, -7.199270945999956 ], [ -47.783593320999955, -7.176373212999977 ], [ -47.635885350999956, -7.147834517999968 ], [ -47.607702894999932, -7.087531908999949 ], [ -47.571749663999981, -7.052633034999928 ], [ -47.556315176999931, -6.981635376999975 ], [ -47.509932163999963, -6.91274090099995 ], [ -47.522876672999985, -6.848703201999967 ], [ -47.493734292999932, -6.658317025999963 ], [ -47.453328639999938, -6.601302406999935 ], [ -47.433531461999962, -6.362124821999942 ], [ -47.392429835999963, -6.310625905999927 ], [ -47.379769515999953, -6.24835362999994 ], [ -47.43436862599998, -6.183312575999935 ], [ -47.450695293999956, -5.901641070999972 ], [ -47.492576358999941, -5.801264810999953 ], [ -47.515088745999947, -5.508960952999928 ], [ -47.673347683999964, -5.43169020199997 ], [ -47.86511141099993, -5.400603371999978 ], [ -47.89430742899998, -5.373261364999962 ], [ -47.927970355999946, -5.282035470999972 ], [ -47.969488715999944, -5.248530630999937 ], [ -48.142896011999937, -5.291068192999944 ], [ -48.336714803999939, -5.237383601999966 ], [ -48.388497772999983, -5.197473867999975 ], [ -48.54626585799997, -5.190648434999957 ], [ -48.710933466999961, -5.314447192999978 ], [ -48.769622822999963, -5.381871875999934 ], [ -48.748585760999958, -5.411894264999944 ], [ -48.61529128899997, -5.429924071999949 ], [ -48.540554954999948, -5.461424918999967 ], [ -48.44146817099994, -5.41802314499995 ], [ -48.39174385299998, -5.423708366999961 ], [ -48.368532512999934, -5.443036891999952 ], [ -48.345853254999952, -5.524940001999937 ], [ -48.292168935999939, -5.579074607999928 ], [ -48.173097324999958, -5.614906932999929 ], [ -48.195031401999984, -5.752803100999927 ], [ -48.304954218999967, -5.792001118999963 ], [ -48.293003577999968, -5.885542957999974 ], [ -48.260837088999949, -5.951939942999957 ], [ -48.362211166999941, -5.985968534999927 ], [ -48.350685736999935, -6.024962967999954 ], [ -48.299760386999935, -6.063279406999925 ], [ -48.304784865999977, -6.125453805999939 ], [ -48.318948715999966, -6.147745193999981 ], [ -48.409520285999974, -6.180971286999977 ], [ -48.432478576999983, -6.250873241999955 ], [ -48.417577046999952, -6.356375790999948 ], [ -48.52597376999995, -6.375665669999933 ], [ -48.558868353999969, -6.422890930999927 ], [ -48.645905098999947, -6.494031701999972 ], [ -48.657755398999939, -6.555614489999925 ], [ -48.706171414999972, -6.576451849999955 ], [ -48.68136610199997, -6.63419683199993 ], [ -48.726947825999957, -6.693120585999964 ], [ -48.824475822999943, -6.749759572999949 ], [ -49.024963828999944, -6.772065600999952 ], [ -49.060495437999975, -6.807791182999949 ], [ -49.21530142499995, -6.89449872299997 ], [ -49.195333627999958, -7.255060123999954 ], [ -49.244227371999955, -7.313766594999947 ], [ -49.271351722999952, -7.386212416999967 ], [ -49.374112107999963, -7.474294842999939 ], [ -49.381293346999939, -7.498553128999959 ], [ -49.359919830999957, -7.675716617999967 ], [ -49.286699686999953, -7.708451107999963 ], [ -49.134914930999969, -7.813907817999961 ], [ -49.148372160999941, -7.931944955999938 ], [ -49.191412130999936, -7.993716406999965 ], [ -49.211314279999954, -8.181606946999977 ], [ -49.245374566999942, -8.240656362999971 ], [ -49.268643340999972, -8.329041973999949 ], [ -49.36449804199998, -8.421449593999967 ], [ -49.421201782999958, -8.530150700999968 ], [ -49.444355435999967, -8.618442528999935 ], [ -49.488282160999972, -8.660667478999926 ], [ -49.563534767999954, -8.796769363999942 ], [ -49.62621375599997, -8.856081867999933 ], [ -49.711817405999966, -8.881530354999938 ], [ -49.864334269999972, -9.060167346999947 ], [ -49.904192301999956, -9.155765819999942 ], [ -49.982479172999945, -9.203923509999981 ], [ -50.046349118999956, -9.269805806999955 ], [ -50.069401353999979, -9.358244160999959 ], [ -50.125689836999982, -9.42556406999995 ], [ -50.120690259999947, -9.577522745999943 ], [ -50.165619287999959, -9.621715515999938 ] ] ] } },
{ "type": "Feature", "properties": { "shapeName": "Bahia", "shapeISO": "BR-BA", "shapeID": "14911670B19428866735507", "shapeGroup": "BRA", "shapeType": "ADM1", "region": "Northeast" }, "geometry": { "type": "Polygon", "coordinates": [ [ [ -41.360673373524875, -8.774111586907273 ], [ -41.381693899999959, -8.820993849999979 ], [ -41.424875700999962, -8.836130984999954 ], [ -41.440237737999951, -8.878786340999966 ], [ -41.486570177999965, -8.896906165999951 ], [ -41.502513051999983, -9.028622148999943 ], [ -41.709492243999932, -9.069135685999981 ], [ -41.795642251999936, -9.230841962999932 ], [ -41.838228142999981, -9.277380110999957 ], [ -42.211660913999935, -9.299434401999974 ], [ -42.330007050999939, -9.392839600999935 ], [ -42.391726566999978, -9.415708688999928 ], [ -42.452552631999936, -9.497211500999981 ], [ -42.568989871999975, -9.505448343999944 ], [ -42.611165894999942, -9.532064624999975 ], [ -42.69955652799996, -9.548542866999981 ], [ -42.75157193299998, -9.619624936999969 ], [ -42.797282002999964, -9.612427503999982 ], [ -42.832650599999965, -9.582890332999966 ], [ -42.928399000999946, -9.573423258999981 ], [ -42.941445966999936, -9.477278028999933 ], [ -42.958249745999979, -9.453666746999943 ], [ -43.11168400899993, -9.403255113999933 ], [ -43.177094704999945, -9.439428030999977 ], [ -43.23876196599997, -9.447951865999926 ], [ -43.283721139999955, -9.417704386999958 ], [ -43.370749627999942, -9.392681240999934 ], [ -43.415832857999931, -9.32301959199998 ], [ -43.471120233999955, -9.291024540999956 ], [ -43.518813178999949, -9.337124681999967 ], [ -43.604681830999937, -9.36303216899995 ], [ -43.687816272999953, -9.432425706999936 ], [ -43.775236649999954, -9.456184978999943 ], [ -43.851307738999935, -9.620562000999939 ], [ -43.802602499999978, -9.703725296999949 ], [ -43.78883492999995, -9.781169469999952 ], [ -43.742782452999961, -9.799087834999966 ], [ -43.727296601999967, -9.841483150999977 ], [ -43.679284576999976, -9.862874790999967 ], [ -43.684492589999934, -10.059256197999957 ], [ -43.781039614999941, -10.091873882999948 ], [ -43.801304997999978, -10.23246086599994 ], [ -43.841277082999966, -10.27708963699996 ], [ -43.857198554999968, -10.33880327199995 ], [ -43.88569989299998, -10.358938445999968 ], [ -43.895588796999959, -10.415324575999932 ], [ -44.001834944999985, -10.432008245999953 ], [ -44.017366016999972, -10.506480607999947 ], [ -44.055371993999984, -10.532164781999938 ], [ -44.074907653999958, -10.583366688999945 ], [ -44.114206632999981, -10.609198695999964 ], [ -44.141840487999957, -10.655927902999963 ], [ -44.281802768999967, -10.648895498999934 ], [ -44.326564857999983, -10.598365190999971 ], [ -44.416481355999963, -10.649751569999978 ], [ -44.574320080999939, -10.661900183999933 ], [ -44.612673061999942, -10.729337398999974 ], [ -44.705158529999949, -10.801033152999935 ], [ -44.797764489999963, -10.819815499999947 ], [ -44.830822048999948, -10.878762609999967 ], [ -44.889052522999975, -10.925773217999961 ], [ -45.017693171999952, -10.919079691999968 ], [ -45.061939405999965, -10.873151840999981 ], [ -45.198825840999973, -10.860087150999959 ], [ -45.291325779999966, -10.759863241999938 ], [ -45.382734422999931, -10.740559477999966 ], [ -45.402571386999966, -10.670235752999929 ], [ -45.452415836999933, -10.639162648999957 ], [ -45.448442181999951, -10.53183384099998 ], [ -45.423961432999931, -10.46909384199995 ], [ -45.460720668999954, -10.362988343999973 ], [ -45.50215559999998, -10.334064665999961 ], [ -45.519513090999965, -10.267198362999977 ], [ -45.562966151999944, -10.23323905899997 ], [ -45.576293287999931, -10.146643266999945 ], [ -45.600690107999981, -10.134667174999947 ], [ -45.659466692999956, -10.151429114999928 ], [ -45.680879957999935, -10.219267292999973 ], [ -45.669142693999959, -10.277025547999926 ], [ -45.715400913645119, -10.338533792061018 ], [ -45.828978871999936, -10.362447389999943 ], [ -45.855789998999967, -10.451575033999973 ], [ -46.001278653999975, -10.531082323999954 ], [ -46.031257187999984, -10.585758479999981 ], [ -46.089051987999937, -10.642299882999964 ], [ -46.247721352999974, -10.672149820999948 ], [ -46.202143873999944, -10.709310693999953 ], [ -46.194668735999983, -10.733525024999949 ], [ -46.300244622999969, -10.825463879999973 ], [ -46.323512437999966, -10.93966344699993 ], [ -46.399687489999963, -11.016408232999936 ], [ -46.45072209999995, -11.095738292999954 ], [ -46.47736615599996, -11.194616448999966 ], [ -46.591308998999978, -11.24868939299995 ], [ -46.603433127999949, -11.281376812999952 ], [ -46.579323036999938, -11.372970890999966 ], [ -46.528345714999944, -11.398295812999947 ], [ -46.521027858999958, -11.487764123999966 ], [ -46.474924647999956, -11.505991156999926 ], [ -46.460051369999974, -11.548778540999933 ], [ -46.255710726999951, -11.565399203999959 ], [ -46.25658438499994, -11.621797804999972 ], [ -46.308942361999982, -11.646588514999962 ], [ -46.351635207999948, -11.840506195999978 ], [ -46.329732675999935, -11.873384521999981 ], [ -46.193254175999982, -11.897379606999948 ], [ -46.213143375999948, -11.929993099999933 ], [ -46.334036957999956, -11.947170482999979 ], [ -46.404887241999973, -12.006496549999952 ], [ -46.411979599999938, -12.028742689999945 ], [ -46.398972028999935, -12.09398549499997 ], [ -46.34837835899998, -12.133722783999929 ], [ -46.358100987999933, -12.170040577999941 ], [ -46.403916236999976, -12.197512988999961 ], [ -46.406098378999957, -12.218419551999943 ], [ -46.359588611999982, -12.25801800399995 ], [ -46.345936045999963, -12.32884577599998 ], [ -46.306239480999977, -12.385517125999968 ], [ -46.257043487999965, -12.405949756999973 ], [ -46.248000471999944, -12.461683799999946 ], [ -46.212845613999946, -12.520204945999978 ], [ -46.219823886999961, -12.57941853799997 ], [ -46.29701070699997, -12.589071548999982 ], [ -46.308812809999949, -12.602859555999942 ], [ -46.30094446399994, -12.618924856999968 ], [ -46.259147880999933, -12.631348129999935 ], [ -46.252576500999965, -12.652525110999932 ], [ -46.258864595999967, -12.673588498999948 ], [ -46.309513995999964, -12.700651839999978 ], [ -46.309969629999955, -12.966454015999943 ], [ -46.296378497999967, -12.983202948999974 ], [ -46.235537883999939, -12.991938837999953 ], [ -46.203556119999973, -13.024371935999966 ], [ -46.316153545999953, -13.06661850699993 ], [ -46.301947119999966, -13.37365347399998 ], [ -46.293039041999975, -13.38558999199995 ], [ -46.269279130999962, -13.377044935999947 ], [ -46.226346555999953, -13.304466985999966 ], [ -46.075575279999953, -13.327166939999927 ], [ -46.091962928999976, -13.355006251999953 ], [ -46.181286270999976, -13.378679012999953 ], [ -46.256843923999952, -13.449567662999982 ], [ -46.24322918699994, -13.572143023999956 ], [ -46.193954583999982, -13.614562160999981 ], [ -46.24351106499995, -13.671244396999953 ], [ -46.268101252999941, -13.809134602999961 ], [ -46.237660671999947, -14.028818366999928 ], [ -46.249147916999959, -14.073337630999958 ], [ -46.17943805699997, -14.167626359999929 ], [ -46.063612635999959, -14.280344850999938 ], [ -45.970448217999945, -14.30657432199996 ], [ -45.900738487999945, -14.351880430999927 ], [ -46.018971594999982, -14.465878941999961 ], [ -46.000427410999976, -14.549944923999931 ], [ -46.017688663999934, -14.608076805999929 ], [ -46.018762953999953, -14.855013173999964 ], [ -46.025606891999985, -14.872806313999945 ], [ -46.074807041999975, -14.897070183999972 ], [ -46.064041750999934, -14.920237443999952 ], [ -45.973607974999936, -14.967239910999979 ], [ -45.963538935999964, -15.039817501999948 ], [ -46.029836390999947, -15.132009757999981 ], [ -46.128902575999973, -15.172220326999934 ], [ -46.137148950999972, -15.198698344999968 ], [ -46.115552344999969, -15.239757482999948 ], [ -46.039928065999959, -15.230773752999937 ], [ -45.938692068999956, -15.124593242999936 ], [ -45.913088795999954, -15.135472530999948 ], [ -45.887694235999959, -15.177221040999939 ], [ -45.867287339999962, -15.178421546999971 ], [ -45.826083757999982, -15.134941547999972 ], [ -45.73749390699993, -15.112108555999953 ], [ -45.677950301999942, -15.026682104999963 ], [ -45.611370946999955, -14.965414305999957 ], [ -45.464887732999955, -14.954381615999978 ], [ -45.404600072999983, -14.924154160999933 ], [ -45.349597502999984, -14.925341555999978 ], [ -45.324304310999935, -14.859187218999978 ], [ -45.284203454999954, -14.835356773999933 ], [ -45.269232152999962, -14.792222489999972 ], [ -45.229317205999962, -14.77989043499997 ], [ -45.199510712999938, -14.749181463999946 ], [ -45.109493239999949, -14.758600704999935 ], [ -45.053055005999965, -14.743105172999947 ], [ -45.034821483999963, -14.698276723999982 ], [ -44.991709761999971, -14.683319017999963 ], [ -44.973260821999986, -14.638566905999937 ], [ -44.873888173999944, -14.627418875999979 ], [ -44.859386867999945, -14.584914123999965 ], [ -44.775444388999972, -14.495941320999975 ], [ -44.762392276999947, -14.451930620999974 ], [ -44.657809927999949, -14.439548615999968 ], [ -44.606934201999934, -14.375758319999932 ], [ -44.551240672999938, -14.337465067999972 ], [ -44.433108854999944, -14.329288378999934 ], [ -44.410938190999957, -14.282053951999956 ], [ -44.392715394999982, -14.275597707999964 ], [ -44.01403524899996, -14.27563966799994 ], [ -43.95128571999993, -14.308154569999942 ], [ -43.792079125999976, -14.348868091999975 ], [ -43.79884341199994, -14.407478245999982 ], [ -43.841352428999983, -14.472318684999948 ], [ -43.888649544999964, -14.647497120999958 ], [ -43.884930447999977, -14.665856937999934 ], [ -43.842899734999946, -14.687560779999956 ], [ -43.750360003999958, -14.693674444999942 ], [ -43.724227052999936, -14.724035253999944 ], [ -43.627747242999931, -14.732047552999973 ], [ -43.550482058999933, -14.781653006999932 ], [ -43.513158566314218, -14.785721674054287 ], [ -43.458191986999964, -14.776050882999982 ], [ -43.421393716999944, -14.735943886999962 ], [ -43.341315214999952, -14.719054692999975 ], [ -43.300720120999983, -14.668698608999932 ], [ -43.104305029999978, -14.679419103999976 ], [ -42.984281675999966, -14.74336961399996 ], [ -42.915178423999976, -14.744073340999932 ], [ -42.800718956999958, -14.832029258999967 ], [ -42.726477910999961, -14.861510007999982 ], [ -42.679508873999964, -14.935868759999948 ], [ -42.547750981999968, -14.963121107999939 ], [ -42.507836881999935, -15.000598642999933 ], [ -42.425387135999983, -15.022113287999957 ], [ -42.387426109999979, -15.062238107999974 ], [ -42.28942488399997, -15.115363124999931 ], [ -42.225599945999932, -15.126273664999928 ], [ -42.155929467999954, -15.109598926999979 ], [ -42.033139057999961, -15.186577548999935 ], [ -41.923403390999965, -15.172210348999954 ], [ -41.871127399999978, -15.120323738999957 ], [ -41.760512757999948, -15.141331507999951 ], [ -41.606092452999974, -15.253962556999966 ], [ -41.563940699999932, -15.307780116999936 ], [ -41.365451997999969, -15.464925009999945 ], [ -41.33590454199998, -15.520074905999934 ], [ -41.324983331999931, -15.779271008999956 ], [ -41.056910097999946, -15.780478502999927 ], [ -41.03546238499996, -15.717034485999932 ], [ -40.965560308999954, -15.725191111999948 ], [ -40.920599206999952, -15.641128331999937 ], [ -40.895961706999969, -15.632658181999943 ], [ -40.873970429999929, -15.63863848799997 ], [ -40.842184047999979, -15.680246526999952 ], [ -40.787794886999961, -15.672609588999933 ], [ -40.662481789999958, -15.69323004499995 ], [ -40.642797664999932, -15.722728686999972 ], [ -40.589006187999985, -15.737624714999981 ], [ -40.538704554999981, -15.789442211999926 ], [ -40.20128107599993, -15.813034756999969 ], [ -40.107525000999942, -15.903356149999979 ], [ -40.030479462999949, -15.923124822999966 ], [ -39.990195856999946, -15.959314362999976 ], [ -39.904642720999959, -15.984220874999949 ], [ -39.845447754999952, -16.07598380099995 ], [ -39.83701244599996, -16.170464435999975 ], [ -39.879001365999954, -16.212604338999938 ], [ -39.905384505999962, -16.29400493299994 ], [ -39.996509001999982, -16.325453449999941 ], [ -40.022133254999972, -16.407661421999933 ], [ -40.119312431999958, -16.500909591999971 ], [ -40.132061496999938, -16.563748271999941 ], [ -40.23768089899994, -16.560528513999941 ], [ -40.249330989999976, -16.635959494999952 ], [ -40.294750814999929, -16.686048834999951 ], [ -40.301548251999975, -16.717526249999935 ], [ -40.296548606999977, -16.765368269999954 ], [ -40.244929719999959, -16.822400785999946 ], [ -40.248713048999946, -16.866576412999962 ], [ -40.280608767999979, -16.886858472999961 ], [ -40.462272771999949, -16.889178552999965 ], [ -40.491347427999983, -16.911032354999975 ], [ -40.527634789999979, -17.024686267999982 ], [ -40.542570480999984, -17.272309611999958 ], [ -40.595600363999949, -17.318724019999934 ], [ -40.590581537999981, -17.39189642599996 ], [ -40.576955447999978, -17.420307603999959 ], [ -40.506630528999949, -17.455344959999934 ], [ -40.424556784999936, -17.602011773999948 ], [ -40.33294458599994, -17.627089557999966 ], [ -40.254145419999929, -17.737538306999966 ], [ -40.207408662999967, -17.754579095999929 ], [ -40.186738262999938, -17.899239457999954 ], [ -40.254011824999964, -17.919143217999931 ], [ -40.256007317999945, -17.961315046999971 ], [ -40.164600378999978, -17.983684721999964 ], [ -40.066995849999955, -18.070270034999965 ], [ -40.013988610999945, -18.084957032999966 ], [ -39.936117223999929, -18.13568956599994 ], [ -39.880630395999958, -18.215571358999966 ], [ -39.648960116999945, -18.31535162199998 ], [ -39.616592777999983, -18.245885632999943 ], [ -39.583282861999976, -18.217588149999926 ], [ -39.572721352999963, -18.13356638199997 ], [ -39.524261047999971, -18.111263509999958 ], [ -39.507993424999938, -18.090532190999966 ], [ -39.509782428999983, -18.059302836999962 ], [ -39.450511066999979, -18.017676406999954 ], [ -39.455307459999972, -17.992635673999928 ], [ -39.435653360999936, -17.955417875999956 ], [ -39.197764008999968, -17.833221056999946 ], [ -39.171958191999977, -17.775693858999944 ], [ -39.112690114999964, -17.713997004999953 ], [ -39.148883338999951, -17.528588798999976 ], [ -39.148467115999949, -17.415815988999952 ], [ -39.130350341999929, -17.356417883999939 ], [ -39.160388101999956, -17.23166794499997 ], [ -39.135877493999942, -17.195669515999953 ], [ -39.14834246199996, -17.07454176799996 ], [ -39.073273581999956, -16.967160246999981 ], [ -39.069163834999983, -16.697982920999948 ], [ -39.015731607999953, -16.665298137999969 ], [ -39.025737747999983, -16.635930581999958 ], [ -39.013200540999946, -16.474085553999942 ], [ -39.026858712999967, -16.420211220999931 ], [ -38.984314369999936, -16.349283936999939 ], [ -38.971901177999939, -16.228562971999963 ], [ -38.917226657999947, -16.198195746999943 ], [ -38.911983852999981, -16.035886544999983 ], [ -38.841508533999956, -15.997892956999976 ], [ -38.834662971999933, -15.909655073999943 ], [ -38.799057559999937, -15.838937139999928 ], [ -38.801326248999942, -15.776960579999979 ], [ -38.834606405999978, -15.747575127999937 ], [ -38.840648029999954, -15.660486639999931 ], [ -38.914242195999975, -15.595195320999949 ], [ -38.90454490299993, -15.394120413999929 ], [ -38.97058020299994, -15.256579942999963 ], [ -38.954393043999971, -14.775793376999957 ], [ -38.961185522999983, -14.75389526999993 ], [ -39.007268562999968, -14.71953373499997 ], [ -38.990903321999951, -14.594019792999973 ], [ -38.954848305999974, -14.552052733999972 ], [ -38.949570053999935, -14.213337434999971 ], [ -38.882887109999956, -14.15517373299997 ], [ -38.87621311099997, -14.132061169999929 ], [ -38.877885853999942, -13.826636160999954 ], [ -38.954205435999938, -13.740392678999967 ], [ -38.947796292999953, -13.714345700999957 ], [ -38.903564447999941, -13.699685211999963 ], [ -38.887843301999965, -13.657716652999966 ], [ -38.846452896999949, -13.645095647999938 ], [ -38.83707570699994, -13.626267909999967 ], [ -38.841790084999957, -13.584199100999967 ], [ -38.893227682999964, -13.557307960999935 ], [ -38.842277837999973, -13.527090616999942 ], [ -38.836220650999962, -13.475518634999958 ], [ -38.841529192999985, -13.395029031999968 ], [ -38.894465931999946, -13.365084025999977 ], [ -38.89235111399995, -13.241993683999965 ], [ -38.851510899999937, -13.204071254999974 ], [ -38.78578757899993, -13.187201210999945 ], [ -38.76832587399997, -13.142863267999928 ], [ -38.727607887999966, -13.149943718999964 ], [ -38.676131966999947, -13.110417788999939 ], [ -38.604924525999934, -13.09483253999997 ], [ -38.554701395999984, -13.056921554999974 ], [ -38.491514713999948, -13.055058275999954 ], [ -38.457655544999966, -13.028256166999938 ], [ -38.399205390999953, -13.018826417999946 ], [ -38.374792723999974, -12.989214911999966 ], [ -38.305499185999963, -12.982463682999935 ], [ -38.282191519999969, -12.955251168999951 ], [ -38.259618491999959, -12.959768069999939 ], [ -38.242216092999968, -12.890435629999956 ], [ -38.16136404599996, -12.845331760999954 ], [ -38.143574710999985, -12.800273016999938 ], [ -38.086078325999949, -12.790441189999967 ], [ -38.043985139999961, -12.750668332999965 ], [ -38.03317025299998, -12.690968986999962 ], [ -37.988613575999977, -12.626107626999953 ], [ -37.910900223999931, -12.563479366999957 ], [ -37.907053583999982, -12.536577582999939 ], [ -37.926397710999936, -12.500427669999965 ], [ -37.887792098999967, -12.476297756999941 ], [ -37.795796337999946, -12.364140937999935 ], [ -37.748755664999976, -12.369540637999933 ], [ -37.699041997999984, -12.318897345999972 ], [ -37.690177957999936, -12.258902754999951 ], [ -37.64935632199996, -12.210547909999946 ], [ -37.631976174999977, -12.11732101299998 ], [ -37.515145699999948, -11.985288451999963 ], [ -37.506333402999985, -11.908733189999964 ], [ -37.455713437999975, -11.83278224999998 ], [ -37.428736963999938, -11.740481926999962 ], [ -37.381242284999985, -11.70575312699998 ], [ -37.359117682999965, -11.665048678999938 ], [ -37.354618039999934, -11.573127367999973 ], [ -37.366410729999984, -11.551989425999977 ], [ -37.404131980999978, -11.539970452999967 ], [ -37.509633711999982, -11.532930140999952 ], [ -37.592978966999965, -11.554451450999977 ], [ -37.718691907999983, -11.53111492599993 ], [ -37.81172547999995, -11.493390145999967 ], [ -37.839425240999958, -11.451394604999962 ], [ -37.921758451999949, -11.430501545999959 ], [ -37.950758825999969, -11.208864401999961 ], [ -38.043163418999939, -11.122282624999968 ], [ -38.067248738999979, -11.055684059999976 ], [ -38.105063514999983, -11.022367762999977 ], [ -38.162845024999967, -10.927232388999926 ], [ -38.18004596399993, -10.73735544699997 ], [ -38.168322198999931, -10.704348395999943 ], [ -38.118525940999973, -10.693455866999955 ], [ -38.076168941999981, -10.728244484999948 ], [ -38.005985330999977, -10.692654385999958 ], [ -37.957455011999969, -10.724450527999977 ], [ -37.88225965099997, -10.736875253999926 ], [ -37.774627321999958, -10.677565630999936 ], [ -37.757982626999933, -10.52304382899996 ], [ -37.782288932999961, -10.415957359999936 ], [ -37.755272902999934, -10.343650847999982 ], [ -37.708020227999953, -10.29670437599998 ], [ -37.711669103999952, -10.15876146599993 ], [ -37.75432743999994, -10.102913354999941 ], [ -37.776147231999971, -10.034321015999978 ], [ -37.865055350999967, -10.012742504999949 ], [ -37.927034438999954, -9.953235867999979 ], [ -37.947460558999978, -9.812029434999943 ], [ -37.999309325999945, -9.772050390999937 ], [ -37.990855723999971, -9.696144176999951 ], [ -37.939850896999985, -9.652295116999937 ], [ -37.996923373999948, -9.590173695999965 ], [ -37.943492824999964, -9.550354261999928 ], [ -37.943179862999955, -9.513462851999975 ], [ -37.989971948999937, -9.495221105999974 ], [ -38.013124408999943, -9.466942988999961 ], [ -38.16727001199996, -9.45814603499997 ], [ -38.176315346999957, -9.35562084999998 ], [ -38.219624073999967, -9.202258172999962 ], [ -38.272442379999973, -9.133824849999939 ], [ -38.248493530999951, -9.034827333999942 ], [ -38.268200539999953, -9.023268333999965 ], [ -38.377085791999946, -9.058668931999932 ], [ -38.431643600999962, -9.043499668999971 ], [ -38.444829858999981, -8.989449502999946 ], [ -38.430517842999961, -8.891757543999972 ], [ -38.463343700999985, -8.830771908999964 ], [ -38.544579007999971, -8.868950176999931 ], [ -38.572940456999959, -8.981083715999944 ], [ -38.601318302999971, -9.003502466999976 ], [ -38.645230744999935, -8.893557985999962 ], [ -38.755535665999957, -8.83894208199996 ], [ -38.929562897999972, -8.814366899999925 ], [ -39.076514422999935, -8.72704379299995 ], [ -39.170454722999978, -8.70177936999994 ], [ -39.341033796999966, -8.569587637999973 ], [ -39.393281087999981, -8.611851392999938 ], [ -39.452767457999983, -8.620766912999954 ], [ -39.501521791999949, -8.652157288999945 ], [ -39.65087460999996, -8.66773834299994 ], [ -39.666551501999948, -8.685842738999952 ], [ -39.690912916999935, -8.813904467999976 ], [ -39.882660701999953, -8.849961920999931 ], [ -39.850083350999967, -8.911936984999954 ], [ -39.837817282999936, -9.008207250999931 ], [ -39.982313574999978, -9.061747650999962 ], [ -40.08538823799995, -9.122448909999946 ], [ -40.166494956999941, -9.106919348999952 ], [ -40.203435385999967, -9.060181730999943 ], [ -40.229769510999972, -9.067673053999954 ], [ -40.258074205999947, -9.156940997999925 ], [ -40.248231506999957, -9.234455530999981 ], [ -40.288711848999981, -9.301084368999966 ], [ -40.311585586999968, -9.389105857999937 ], [ -40.493463583999983, -9.453535164999948 ], [ -40.531876513999975, -9.501676859999975 ], [ -40.556524366999952, -9.508042786999965 ], [ -40.695159183999976, -9.480267409999954 ], [ -40.684603460999938, -9.311156341999947 ], [ -40.649907336999945, -9.246764190999954 ], [ -40.653691389999949, -9.208177421999949 ], [ -40.671964288999959, -9.181343818999949 ], [ -40.793817799999943, -9.10519252399996 ], [ -40.81265960199994, -8.973116284999946 ], [ -40.858567810999944, -8.941224997999939 ], [ -40.880370480999943, -8.88629218899996 ], [ -40.931858618999968, -8.834804423999969 ], [ -41.082806966999954, -8.816928680999979 ], [ -41.125367671999982, -8.71105012299995 ], [ -41.21777358199995, -8.723400872999946 ], [ -41.278313731999958, -8.761662015999946 ], [ -41.360673373524875, -8.774111586907273 ] ] ] } },
{ "type": "Feature", "properties": { "shapeName": "Mato Grosso", "shapeISO": "BR-MT", "shapeID": "14911670B2082355341666", "shapeGroup": "BRA", "shapeType": "ADM1", "region": "Central-West" }, "geometry": { "type": "Polygon", "coordinates": [ [ [ -58.406381900999975, -8.771321408999938 ], [ -61.526999266999951, -8.761414041999956 ], [ -61.526563605999968, -8.784045874999947 ], [ -61.474272216999964, -8.82440917699995 ], [ -61.474718352999957, -8.874370219999946 ], [ -61.531254677999982, -8.982885980999981 ], [ -61.54254676499994, -9.171982406999973 ], [ -61.59523838399997, -9.231210375999979 ], [ -61.57832456999995, -9.312142845999972 ], [ -61.53544941399997, -9.348264216999951 ], [ -61.588730943999963, -9.422110360999966 ], [ -61.468096789999947, -9.55761681599995 ], [ -61.483624728999985, -9.623801877999938 ], [ -61.52753852799998, -9.685831247999943 ], [ -61.516486589999943, -9.833549246999951 ], [ -61.532897729999945, -9.983150586999955 ], [ -61.583034946999987, -10.009969811999952 ], [ -61.590629996999951, -10.039360121999948 ], [ -61.575166188999958, -10.153694067999936 ], [ -61.588806476999935, -10.213945315999979 ], [ -61.488965035999968, -10.309627254999953 ], [ -61.479944011999976, -10.341258316999927 ], [ -61.473481971999945, -10.74510147899997 ], [ -61.480652956999961, -10.767977190999943 ], [ -61.529184423999936, -10.804659324999932 ], [ -61.527984509999953, -10.914171186999965 ], [ -61.488526233999949, -10.924822731999939 ], [ -60.478139903999931, -10.924956252999948 ], [ -60.460947524999938, -10.938352479999935 ], [ -60.450961760999974, -10.993374512999935 ], [ -60.410447362999946, -11.006254498999965 ], [ -60.389262765999945, -11.035157322999964 ], [ -60.246515638999938, -11.04918827299997 ], [ -60.204791686999954, -11.095640325999966 ], [ -60.126449891999982, -11.037502076999942 ], [ -60.072986276999984, -11.051387744999943 ], [ -60.003578561999973, -11.121013900999969 ], [ -59.979911065999943, -11.195118969999953 ], [ -59.91797547699997, -11.296037102999946 ], [ -59.950673707999954, -11.416640826999981 ], [ -60.103929493999942, -11.545969036999963 ], [ -60.107058413999937, -11.836786310999969 ], [ -60.092558813999972, -11.859160618999965 ], [ -59.994226536999975, -11.871318730999974 ], [ -59.985867037999981, -11.927740980999943 ], [ -59.938306756999964, -12.033796431999974 ], [ -59.882277191999947, -12.106550049999953 ], [ -59.862295302999939, -12.227180512999951 ], [ -59.779305866999948, -12.294909920999942 ], [ -59.776389617999939, -12.327306275999945 ], [ -59.827980494999963, -12.439029106999953 ], [ -59.956886827999938, -12.467430117999982 ], [ -60.031379711999932, -12.559672984999963 ], [ -60.060324925999964, -12.854742337999937 ], [ -60.113102095999977, -12.921773034999944 ], [ -60.178105974999937, -12.935378627999967 ], [ -60.236576939999964, -13.030976777999967 ], [ -60.273077121999961, -13.058106666999947 ], [ -60.346038211999939, -13.298167170999932 ], [ -60.397091602999978, -13.323348225999951 ], [ -60.403654029999984, -13.431625468999982 ], [ -60.555006139999932, -13.504198671999973 ], [ -60.592612609999946, -13.54512841199994 ], [ -60.655557071999965, -13.565418345999944 ], [ -60.671954185999937, -13.639828362999936 ], [ -60.666327151999951, -13.682823004999932 ], [ -60.624487539999961, -13.707992329999968 ], [ -60.591949929999942, -13.756702515999962 ], [ -60.52367985099994, -13.751727787999926 ], [ -60.492581623999968, -13.848397812999963 ], [ -60.462869784999953, -13.86857281999994 ], [ -60.420226240999966, -13.953189871999939 ], [ -60.421286792999979, -14.012536147999981 ], [ -60.454586911999968, -14.042210103999935 ], [ -60.462385382999969, -14.114367184999935 ], [ -60.491596953999988, -14.170845687999929 ], [ -60.468062145999966, -14.206827383999951 ], [ -60.448337318999961, -14.297717782999939 ], [ -60.410215320999953, -14.326380148999931 ], [ -60.414079142999981, -14.402086531999942 ], [ -60.364084480999963, -14.457960641999932 ], [ -60.358093647999965, -14.58190009499998 ], [ -60.302972342999965, -14.64991364499997 ], [ -60.248678696999946, -14.855197545999943 ], [ -60.261771396999961, -14.909102278999967 ], [ -60.246497, -14.956912416999955 ], [ -60.273173663999955, -15.064292198999965 ], [ -60.497843598999964, -15.068968044999963 ], [ -60.516509713999938, -15.10378779499996 ], [ -60.49196303399998, -15.175327804999938 ], [ -60.301617496999938, -15.395645635999927 ], [ -60.27673819599994, -15.457844024999929 ], [ -60.228543197999954, -15.492406172999949 ], [ -60.211320527999987, -15.542328505999933 ], [ -60.224256010999966, -15.636160899999936 ], [ -60.216942582999934, -15.663445511999953 ], [ -60.188518115999955, -15.685765821999951 ], [ -60.201394152999967, -15.729738967999936 ], [ -60.171602677999942, -15.848479869999949 ], [ -60.159323640999958, -16.24567523099995 ], [ -59.748225547999937, -16.252081226999962 ], [ -59.696796135999932, -16.26899205999996 ], [ -59.50813153699994, -16.271262055999955 ], [ -59.444559348999974, -16.289117403999967 ], [ -59.279497410999966, -16.288606839999943 ], [ -59.228186566999966, -16.274532939999972 ], [ -59.083155900999941, -16.307594880999943 ], [ -58.965543967999963, -16.296404155999937 ], [ -58.843748392999942, -16.326742291999949 ], [ -58.74865349099997, -16.308304389999932 ], [ -58.518689588999962, -16.308125664999977 ], [ -58.450890400999981, -16.345820031999949 ], [ -58.416611956999986, -16.338459430999933 ], [ -58.402481078999983, -16.298573902999976 ], [ -58.382913039999949, -16.302962932999947 ], [ -58.352369149999959, -16.341788010999949 ], [ -58.35129896899997, -16.488905605999946 ], [ -58.361582402999943, -16.509558028999948 ], [ -58.40223820999995, -16.521271609999928 ], [ -58.400624275999974, -16.617285109999955 ], [ -58.465843477999954, -16.695447200999979 ], [ -58.468301783999948, -17.005169428999977 ], [ -58.461090011999943, -17.03031778299993 ], [ -58.394024266999963, -17.062586334999935 ], [ -58.387724067999955, -17.172358587999952 ], [ -58.315467888999933, -17.250935105999929 ], [ -58.308427735999942, -17.36215668799997 ], [ -58.185052140999971, -17.377095143999952 ], [ -58.109334290999982, -17.458564941999953 ], [ -58.065845718999981, -17.472933934999958 ], [ -58.043236271999945, -17.519083912999974 ], [ -57.864399877999972, -17.503686045999928 ], [ -57.796726870999976, -17.570442270999933 ], [ -57.731634372999963, -17.564490596999974 ], [ -57.678277478999973, -17.629560049999952 ], [ -57.652085917999955, -17.738560944999961 ], [ -57.526111503999971, -17.859316988999979 ], [ -57.44677268199996, -17.911632677999933 ], [ -57.396841539999969, -17.866562762999934 ], [ -57.327864000999966, -17.845242364999933 ], [ -57.280722026999968, -17.810814580999931 ], [ -57.089094011999975, -17.784702699999968 ], [ -56.995893615999933, -17.690980588999935 ], [ -56.971076619999963, -17.589278235999927 ], [ -56.909266940999942, -17.53092873099996 ], [ -56.846341845999973, -17.503282934999959 ], [ -56.764019506999944, -17.415907173999926 ], [ -56.721059895999986, -17.343974523999975 ], [ -56.527625950999948, -17.353419845999952 ], [ -56.481103233999931, -17.322076852999942 ], [ -56.424686338999948, -17.351355180999974 ], [ -56.382947479999984, -17.308213855999952 ], [ -56.298952182999983, -17.288224811999953 ], [ -56.261303556999962, -17.236216079999963 ], [ -56.155010194999932, -17.183243666999942 ], [ -56.038876763999951, -17.197371335999946 ], [ -55.982777774999931, -17.23507662999998 ], [ -55.948487759999978, -17.289983320999966 ], [ -55.821573813999976, -17.304705771999977 ], [ -55.772888500999954, -17.345008734999965 ], [ -55.660545934999959, -17.358120152999959 ], [ -55.594869982999967, -17.39845543399997 ], [ -55.562852799999973, -17.456321858999956 ], [ -55.374147322999931, -17.532146514999965 ], [ -55.22045395799995, -17.624996536999959 ], [ -54.827241206999986, -17.638265443999956 ], [ -54.743585165999946, -17.531590406999953 ], [ -54.612039740999933, -17.514285406999932 ], [ -54.562840703999939, -17.472124760999975 ], [ -54.509753198999931, -17.46309202499998 ], [ -54.400277236999955, -17.593412198999943 ], [ -54.381236330999968, -17.688063206999971 ], [ -54.356610524999951, -17.707931443999939 ], [ -54.287323933999971, -17.646810197999969 ], [ -54.089485803999935, -17.620131799999967 ], [ -54.048178933999964, -17.562304551999944 ], [ -54.024712360999956, -17.47853930499997 ], [ -53.937063542999965, -17.456083143999933 ], [ -53.878676481999946, -17.420227298999976 ], [ -53.760945266999954, -17.29131469999993 ], [ -53.72603623699996, -17.225145672999929 ], [ -53.699450928999966, -17.273752659999957 ], [ -53.716075368999952, -17.648898580999969 ], [ -53.739282231999937, -17.664770975999943 ], [ -53.86920721599995, -17.683252359999926 ], [ -53.947073850999971, -17.836825622999982 ], [ -53.998977279999963, -17.874005183999941 ], [ -53.994644821999941, -17.892575682999961 ], [ -53.894811613999934, -17.924575389999973 ], [ -53.836708975999954, -17.979601645999935 ], [ -53.797308720999979, -18.045462925999971 ], [ -53.717381193999984, -18.029793099999949 ], [ -53.662202088999948, -17.972608163999951 ], [ -53.626524397999958, -18.044606140999974 ], [ -53.505545923999932, -18.036192261999929 ], [ -53.482027485999936, -18.024341693999929 ], [ -53.447485029999939, -17.96720677199994 ], [ -53.386222565999958, -18.034097638999981 ], [ -53.069361309999977, -18.072273284999937 ], [ -53.071596402999944, -17.988402532999942 ], [ -53.11112014899993, -17.915134230999968 ], [ -53.132135281999979, -17.832210375999978 ], [ -53.229246770999964, -17.717302046999976 ], [ -53.245218083999987, -17.463531410999963 ], [ -53.17976411099994, -17.397594162999951 ], [ -53.234386253999958, -17.334646515999964 ], [ -53.192102200999955, -17.299841914999945 ], [ -53.165343526999948, -17.198721543999966 ], [ -53.074989874999972, -17.113146695999944 ], [ -53.062472961999958, -16.981150513999978 ], [ -53.036314109999978, -16.912790753999957 ], [ -52.958609238999941, -16.892787346999967 ], [ -52.876171538999984, -16.805110433999971 ], [ -52.798751946999971, -16.771675111999969 ], [ -52.784587746999932, -16.692443584999978 ], [ -52.735887812999977, -16.671731564999959 ], [ -52.723326369999938, -16.610043128999962 ], [ -52.60344058499993, -16.554727348999961 ], [ -52.59134910299997, -16.461359874999971 ], [ -52.664720538999973, -16.418995733999964 ], [ -52.672035886999936, -16.283762896999974 ], [ -52.56770615399995, -16.258541864999927 ], [ -52.53903964999995, -16.167048824999938 ], [ -52.453534404999971, -16.148843944999953 ], [ -52.409749333999969, -16.10590676399994 ], [ -52.327671269999939, -16.095366597999941 ], [ -52.30968403199995, -16.005707654999981 ], [ -52.272600917999966, -15.972625167999979 ], [ -52.242733552999937, -15.903024131999928 ], [ -52.151047867999978, -15.91122418599997 ], [ -51.991617540999982, -15.868486764999943 ], [ -51.846069892999935, -15.752254811999933 ], [ -51.784087178999982, -15.636912934999941 ], [ -51.780595896999955, -15.549289433999945 ], [ -51.718628254999942, -15.544667341999968 ], [ -51.711783717999936, -15.323051795999959 ], [ -51.664879902999985, -15.305834414999936 ], [ -51.643449463999957, -15.212296088999949 ], [ -51.472900390999939, -15.046751632999928 ], [ -51.381836590999967, -15.018940064999981 ], [ -51.344663784999966, -14.976772109999956 ], [ -51.306019713999945, -15.043964016999951 ], [ -51.174647591999985, -15.027682259999949 ], [ -51.081390860999932, -14.902383669999949 ], [ -51.094466957999941, -14.751960007999969 ], [ -51.04254799399996, -14.707163678999962 ], [ -51.023645056999953, -14.593678392999948 ], [ -50.984991771999944, -14.542859044999943 ], [ -50.970777022999982, -14.475611125999933 ], [ -50.976522546999945, -14.441712648999953 ], [ -51.030011180999963, -14.405440410999972 ], [ -50.986667719999957, -14.372129477999977 ], [ -50.965350304999959, -14.259015516999966 ], [ -50.927986979999957, -14.220509945999936 ], [ -50.906492394999987, -14.146325187999935 ], [ -50.86480684299994, -14.098190275999968 ], [ -50.848941794999973, -13.708518013999935 ], [ -50.806846186999962, -13.66797442099994 ], [ -50.786160240999948, -13.555392504999929 ], [ -50.691352859999938, -13.483053423999934 ], [ -50.672094261999973, -13.400309291999974 ], [ -50.631092899999942, -13.364209528999936 ], [ -50.613201747999938, -13.267102708999971 ], [ -50.56671167899998, -13.236522135999962 ], [ -50.57226878299997, -13.20997215999995 ], [ -50.622579678999955, -13.166587060999973 ], [ -50.568843656999945, -13.072053581999967 ], [ -50.560395820999986, -12.97690098399994 ], [ -50.513780647999965, -12.944784856999945 ], [ -50.506304715999931, -12.92283948599993 ], [ -50.510018093999975, -12.843373333999978 ], [ -50.616659669999933, -12.82688779199998 ], [ -50.646006857999964, -12.696116692999965 ], [ -50.680569145999982, -12.660815569999954 ], [ -50.681644705999986, -12.481548515999975 ], [ -50.645193763999941, -12.436107187999937 ], [ -50.643075040999975, -12.31268197199995 ], [ -50.67137078899998, -12.227714544999969 ], [ -50.688140034999947, -12.005219556999975 ], [ -50.666403466999952, -11.88654795399998 ], [ -50.728927736999935, -11.797137702999976 ], [ -50.744039769999972, -11.733954616999938 ], [ -50.738836964999962, -11.705145811999955 ], [ -50.691911739999966, -11.672529233999967 ], [ -50.678475845999969, -11.626842895999971 ], [ -50.731956630999946, -11.566418236999937 ], [ -50.745854683999937, -11.335853757999928 ], [ -50.691362262999974, -11.285077678999926 ], [ -50.674183438999933, -11.161628214999951 ], [ -50.652766328999974, -11.113150012999938 ], [ -50.635160909999968, -10.822788468999931 ], [ -50.586272056999974, -10.763367811999956 ], [ -50.595459474999984, -10.652536018999967 ], [ -50.535714965999944, -10.563748 ], [ -50.511953760999972, -10.429894813999965 ], [ -50.418311066999934, -10.307283514999938 ], [ -50.397266396999953, -10.116035152999928 ], [ -50.302866631999962, -10.024376988999961 ], [ -50.281880310999952, -9.909239088999925 ], [ -50.241205898999965, -9.854469367999968 ], [ -50.740218343484194, -9.800665958961162 ], [ -51.476344731999973, -9.790901178999945 ], [ -51.494434872999932, -9.783734325999944 ], [ -51.49568235199996, -9.755862033999961 ], [ -51.622987590999969, -9.734386873999938 ], [ -51.666875876999939, -9.738568227999963 ], [ -51.699983302999954, -9.769180568999957 ], [ -51.741754963999938, -9.734701806999965 ], [ -52.472352379999961, -9.675131577999935 ], [ -52.558770079999931, -9.648513169999944 ], [ -53.162986942999964, -9.635005434999925 ], [ -54.065277039999955, -9.532936293999967 ], [ -54.783476976999964, -9.512314284999945 ], [ -55.050376523999944, -9.467604594999955 ], [ -56.165813318999938, -9.397637814999939 ], [ -56.239673643999936, -9.359341404999952 ], [ -56.73596510699997, -9.366036538999936 ], [ -56.788529106999931, -9.260332693999942 ], [ -56.873571672999958, -9.181484687999955 ], [ -57.029076871999962, -9.160821858999952 ], [ -57.061448234999943, -9.059947330999933 ], [ -57.193164262999971, -8.904701198999931 ], [ -57.299045275999958, -8.875297429999932 ], [ -57.487263408999979, -8.732369129999938 ], [ -57.597085682999932, -8.694764947999943 ], [ -57.610690252999973, -8.534463605999974 ], [ -57.655141825999976, -8.481145958999946 ], [ -57.662998076999941, -8.447723335999967 ], [ -57.67226915599997, -8.249155494999968 ], [ -57.644283284999972, -8.181074922999926 ], [ -57.673487430999955, -8.140380697999944 ], [ -57.721511032999956, -8.124026065999942 ], [ -57.737630251999974, -8.05421322899997 ], [ -57.82996269299997, -7.936464608999927 ], [ -57.852495030999933, -7.819849687999977 ], [ -57.891272353999966, -7.744585241999971 ], [ -57.910414234999962, -7.652784748999977 ], [ -57.949773479999976, -7.614481928999965 ], [ -57.971807686999966, -7.524591294999937 ], [ -58.037037717999965, -7.392301353999926 ], [ -58.111790001999964, -7.309709218999956 ], [ -58.163291393999941, -7.339374474999943 ], [ -58.222762770999964, -7.468829313999947 ], [ -58.178641880999976, -7.533938727999953 ], [ -58.179748975999985, -7.556414015999962 ], [ -58.34809912999998, -7.78007658599995 ], [ -58.342257980999932, -7.911007822999977 ], [ -58.28746134499994, -7.972964234999949 ], [ -58.297098615999971, -8.28342448099994 ], [ -58.305150973999957, -8.315443856999934 ], [ -58.34228552899998, -8.342391301999953 ], [ -58.412804516999984, -8.451948974999937 ], [ -58.401291046999972, -8.634125461999929 ], [ -58.332772962999968, -8.675438354999926 ], [ -58.345119199999942, -8.716102380999928 ], [ -58.406381900999975, -8.771321408999938 ] ] ] } },
{ "type": "Feature", "properties": { "shapeName": "Goias", "shapeISO": "BR-GO", "shapeID": "14911670B6484683145874", "shapeGroup": "BRA", "shapeType": "ADM1", "region": "Central-West" }, "geometry": { "type": "Polygon", "coordinates": [ [ [ -46.333585936920485, -12.983758131584137 ], [ -46.363441000999956, -12.967086881999933 ], [ -46.374630628999967, -12.874562236999964 ], [ -46.393807713999934, -12.854599421999978 ], [ -46.42306118099998, -12.977379131999953 ], [ -46.747322462999932, -12.993011678999949 ], [ -47.081310173999952, -13.172142608999934 ], [ -47.249412155999948, -13.20627879999995 ], [ -47.303248387999986, -13.257825704999959 ], [ -47.478514132999976, -13.242086554999958 ], [ -47.580999925999947, -13.13581023699993 ], [ -47.660657215999947, -13.144661658999951 ], [ -47.682902486999978, -13.173585281999976 ], [ -47.665985492999937, -13.407424228999957 ], [ -47.677576039999963, -13.433481487999927 ], [ -47.701819703999945, -13.440576867999937 ], [ -47.771874286999946, -13.396712115999946 ], [ -47.813266703999943, -13.314872850999961 ], [ -48.044858968999961, -13.292197367999961 ], [ -48.092883139999969, -13.308047752999926 ], [ -48.17406836899994, -13.30500989899997 ], [ -48.186504024999977, -13.208738556999947 ], [ -48.203805616999944, -13.195240396999964 ], [ -48.290444808999951, -13.198819045999926 ], [ -48.316335075999973, -13.249042537999969 ], [ -48.466943945999958, -13.267116051999949 ], [ -48.483789627999954, -13.143526153999971 ], [ -48.508217465999962, -13.144061119999947 ], [ -48.52692610899993, -13.19080646499998 ], [ -48.567324866999968, -13.189002399999936 ], [ -48.58157319299994, -13.08764432299995 ], [ -48.625094138999941, -13.072981746999972 ], [ -48.643612425999947, -13.028029725999943 ], [ -48.757988643999965, -13.013165116999971 ], [ -48.78047616899994, -12.93038138199995 ], [ -48.821437368999966, -12.856825607999951 ], [ -48.939287852999939, -12.934138183999949 ], [ -48.995457153999951, -12.940751190999947 ], [ -49.066287356999965, -12.901706941999976 ], [ -49.096141645999978, -12.850783976999935 ], [ -49.129678699999943, -12.836161689999926 ], [ -49.18318893999998, -12.859912527999938 ], [ -49.247311654999976, -12.925597464999953 ], [ -49.267814591999979, -13.007413669999949 ], [ -49.306248811999978, -13.039583070999981 ], [ -49.36353859999997, -13.146418444999938 ], [ -49.382262792999938, -13.277913672999944 ], [ -49.402067514999942, -13.290207926999926 ], [ -49.463002426999935, -13.264186132999953 ], [ -49.602795778999962, -13.143017043999976 ], [ -49.931765645999974, -12.982587354999964 ], [ -50.027478565999957, -12.912735583999961 ], [ -50.077562736999937, -12.891690349999976 ], [ -50.218043488999967, -12.888051942999937 ], [ -50.244012709999936, -12.838011201999961 ], [ -50.34441422499998, -12.826547153999968 ], [ -50.346505430999969, -12.787379457999975 ], [ -50.294425154999942, -12.761761897999975 ], [ -50.287193103999982, -12.63456014999997 ], [ -50.234362792999946, -12.604441907999956 ], [ -50.235538452999947, -12.466215981999937 ], [ -50.252128864999975, -12.452985705999936 ], [ -50.283900383999935, -12.458626653999943 ], [ -50.299364749999938, -12.501946411999938 ], [ -50.34533556699995, -12.520408132999933 ], [ -50.357412952999937, -12.578982921999966 ], [ -50.462623769999936, -12.672449281999945 ], [ -50.471862792999957, -12.729111322999927 ], [ -50.504525055999977, -12.773384373999932 ], [ -50.509534771999938, -12.93803130699996 ], [ -50.560395820999986, -12.97690098399994 ], [ -50.568843656999945, -13.072053581999967 ], [ -50.622579678999955, -13.166587060999973 ], [ -50.57226878299997, -13.20997215999995 ], [ -50.56671167899998, -13.236522135999962 ], [ -50.613201747999938, -13.267102708999971 ], [ -50.631092899999942, -13.364209528999936 ], [ -50.672094261999973, -13.400309291999974 ], [ -50.691352859999938, -13.483053423999934 ], [ -50.786160240999948, -13.555392504999929 ], [ -50.806846186999962, -13.66797442099994 ], [ -50.848941794999973, -13.708518013999935 ], [ -50.86480684299994, -14.098190275999968 ], [ -50.906492394999987, -14.146325187999935 ], [ -50.927986979999957, -14.220509945999936 ], [ -50.965350304999959, -14.259015516999966 ], [ -50.986667719999957, -14.372129477999977 ], [ -51.030011180999963, -14.405440410999972 ], [ -50.976522546999945, -14.441712648999953 ], [ -50.970777022999982, -14.475611125999933 ], [ -50.984991771999944, -14.542859044999943 ], [ -51.023645056999953, -14.593678392999948 ], [ -51.04254799399996, -14.707163678999962 ], [ -51.094466957999941, -14.751960007999969 ], [ -51.083834455999977, -14.907047331999934 ], [ -51.174647591999985, -15.027682259999949 ], [ -51.306019713999945, -15.043964016999951 ], [ -51.344663784999966, -14.976772109999956 ], [ -51.381836590999967, -15.018940064999981 ], [ -51.472900390999939, -15.046751632999928 ], [ -51.643449463999957, -15.212296088999949 ], [ -51.664879902999985, -15.305834414999936 ], [ -51.711783717999936, -15.323051795999959 ], [ -51.718628254999942, -15.544667341999968 ], [ -51.780595896999955, -15.549289433999945 ], [ -51.784087178999982, -15.636912934999941 ], [ -51.846069892999935, -15.752254811999933 ], [ -51.991617540999982, -15.868486764999943 ], [ -52.151047867999978, -15.91122418599997 ], [ -52.242733552999937, -15.903024131999928 ], [ -52.272600917999966, -15.972625167999979 ], [ -52.30968403199995, -16.005707654999981 ], [ -52.327671269999939, -16.095366597999941 ], [ -52.409749333999969, -16.10590676399994 ], [ -52.453534404999971, -16.148843944999953 ], [ -52.53903964999995, -16.167048824999938 ], [ -52.56770615399995, -16.258541864999927 ], [ -52.672035886999936, -16.283762896999974 ], [ -52.664720538999973, -16.418995733999964 ], [ -52.59134910299997, -16.461359874999971 ], [ -52.60344058499993, -16.554727348999961 ], [ -52.723326369999938, -16.610043128999962 ], [ -52.735887812999977, -16.671731564999959 ], [ -52.784587746999932, -16.692443584999978 ], [ -52.798751946999971, -16.771675111999969 ], [ -52.876171538999984, -16.805110433999971 ], [ -52.958609238999941, -16.892787346999967 ], [ -53.036314109999978, -16.912790753999957 ], [ -53.062472961999958, -16.981150513999978 ], [ -53.074989874999972, -17.113146695999944 ], [ -53.165343526999948, -17.198721543999966 ], [ -53.192102200999955, -17.299841914999945 ], [ -53.233063815999969, -17.331564036999964 ], [ -53.17976411099994, -17.397594162999951 ], [ -53.245218083999987, -17.463531410999963 ], [ -53.229246770999964, -17.717302046999976 ], [ -53.134663093999961, -17.827300771999944 ], [ -53.067811406999965, -18.011041515999977 ], [ -53.067801358999986, -18.08944785999995 ], [ -53.127309787999934, -18.150463598999977 ], [ -53.108151374999977, -18.350896473999967 ], [ -53.043449442999986, -18.365822894999951 ], [ -53.00643830599995, -18.320877013999961 ], [ -52.981856057999948, -18.313593995999952 ], [ -52.810391299999935, -18.326913183999977 ], [ -52.784042500999931, -18.343329104999953 ], [ -52.800826391999976, -18.450342817999967 ], [ -52.892161688999977, -18.481714113999942 ], [ -52.918178203999958, -18.543436614999962 ], [ -52.964931817999968, -18.579921002999981 ], [ -52.957663906999983, -18.600342027999943 ], [ -52.889322008999955, -18.66178645399998 ], [ -52.755376655999953, -18.724258652999936 ], [ -52.649089515999947, -18.719840123999973 ], [ -52.526183184999979, -18.675784290999957 ], [ -52.508617641999933, -18.719292184999972 ], [ -52.465327955999953, -18.733997132999946 ], [ -52.447354362999931, -18.777019129999928 ], [ -52.406814418999943, -18.789424301999929 ], [ -52.381972588999986, -18.845682257999954 ], [ -52.209184910999966, -18.871995332999973 ], [ -52.145108987999947, -18.913455605999957 ], [ -52.061419060999981, -19.009349895999947 ], [ -51.908764065999947, -19.032595878999928 ], [ -51.822742474999984, -19.102951367999935 ], [ -51.713719872999945, -19.129327219999936 ], [ -51.646991562999972, -19.184215822999931 ], [ -51.443267072999959, -19.189445565999961 ], [ -51.412545674999933, -19.238930619999962 ], [ -51.333316901999979, -19.250488247999954 ], [ -51.31521984099993, -19.294586537999976 ], [ -51.160983934999933, -19.302932528999975 ], [ -51.139459856999963, -19.349597415999938 ], [ -51.04386872799995, -19.358246105999967 ], [ -51.025280810999959, -19.401747188999934 ], [ -50.981697401999952, -19.415845224999941 ], [ -50.967839316999971, -19.513823118999937 ], [ -50.906787296999937, -19.518979108999929 ], [ -50.878473901999939, -19.501838732999943 ], [ -50.894383981999965, -19.433200730999943 ], [ -50.86455123199994, -19.338546742999938 ], [ -50.748518797999964, -19.199818482999945 ], [ -50.612694328999964, -19.172878197999978 ], [ -50.594275141999958, -19.130004608999968 ], [ -50.55300929699996, -19.094759144999955 ], [ -50.537559723999948, -18.986744489999978 ], [ -50.496706406999976, -18.95163126999995 ], [ -50.477452832999973, -18.871176656999978 ], [ -50.400491766999949, -18.820883701999946 ], [ -50.349062298999968, -18.733455607999929 ], [ -50.266592230999947, -18.718914876999975 ], [ -50.199770394999973, -18.67930333299995 ], [ -50.09785777899998, -18.664007881999964 ], [ -50.040225156999952, -18.619235749999973 ], [ -50.004801030999943, -18.621273483999971 ], [ -49.943595580999954, -18.66969702199998 ], [ -49.823500731999957, -18.664872296999931 ], [ -49.789044928999942, -18.624238486999957 ], [ -49.701518647999933, -18.607662019999964 ], [ -49.671967346999963, -18.568676336999943 ], [ -49.584213998999985, -18.551879934999931 ], [ -49.548609260999967, -18.504980236999927 ], [ -49.521838635999984, -18.513624209999932 ], [ -49.464611548999983, -18.599487948999979 ], [ -49.44311526499996, -18.666465622999965 ], [ -49.418010998999932, -18.669652708999934 ], [ -49.20398976499996, -18.457171026999958 ], [ -49.049522543999956, -18.443000671999982 ], [ -49.037790713999982, -18.385784061999971 ], [ -48.978434263999986, -18.319882654999958 ], [ -48.882304467999973, -18.322088073999964 ], [ -48.860063002999937, -18.368572319999942 ], [ -48.836551827999983, -18.375394877999952 ], [ -48.667304242999933, -18.372759222999946 ], [ -48.644761491999986, -18.32591760899993 ], [ -48.623257141999943, -18.319867901999942 ], [ -48.601753011999961, -18.325917217999972 ], [ -48.58949383199996, -18.365143629999977 ], [ -48.568695502999958, -18.374839986999973 ], [ -48.203611008999985, -18.376396696999961 ], [ -48.188610768999979, -18.38522040099997 ], [ -48.174593541999968, -18.444910820999951 ], [ -48.043134532999943, -18.451927370999954 ], [ -48.017284863999976, -18.500952369999936 ], [ -47.950584283999945, -18.504291404999947 ], [ -47.88763043199998, -18.45495509999995 ], [ -47.825853031999941, -18.436916655999937 ], [ -47.79713628899998, -18.384569448999969 ], [ -47.707947064999985, -18.363664280999956 ], [ -47.642372179999938, -18.280525741999952 ], [ -47.549157174999948, -18.220278448999977 ], [ -47.472265593999964, -18.175733492999939 ], [ -47.413709660999984, -18.166479692999928 ], [ -47.392663826999978, -18.120441322999966 ], [ -47.31217487999993, -18.10924018999998 ], [ -47.309038075999979, -18.069380365999962 ], [ -47.360405021999952, -18.014932988999931 ], [ -47.367832774999954, -17.944819442999972 ], [ -47.399294968999982, -17.919970904999957 ], [ -47.404637081999965, -17.871676254999954 ], [ -47.399270509999951, -17.829242941999951 ], [ -47.367694331999985, -17.804273862999935 ], [ -47.359979628999952, -17.717648439999948 ], [ -47.308426234999956, -17.692949994999935 ], [ -47.308317946999978, -17.61015030599998 ], [ -47.356658865999975, -17.588264838999976 ], [ -47.375228404999973, -17.544200699999976 ], [ -47.490620376999971, -17.53580446999996 ], [ -47.509250250999969, -17.491670030999956 ], [ -47.553325439999981, -17.477086085999929 ], [ -47.560755670999981, -17.450413267999977 ], [ -47.553423444999964, -17.416695668999978 ], [ -47.447047291999979, -17.362438328999929 ], [ -47.439153119999958, -17.270090975999949 ], [ -47.377151539999943, -17.192720619999932 ], [ -47.33437784299997, -17.153474604999928 ], [ -47.293803983999965, -17.141942881999967 ], [ -47.208470575999968, -17.065483356999948 ], [ -47.194046517999936, -17.032199179999964 ], [ -47.191762691999941, -16.96893817199998 ], [ -47.21995177499997, -16.904403861999981 ], [ -47.247945276999985, -16.758307775999981 ], [ -47.441950402999964, -16.550393994999979 ], [ -47.440249902999938, -16.397226777999947 ], [ -47.388209647999986, -16.373284915999932 ], [ -47.375000701999966, -16.313100292999934 ], [ -47.346999197999935, -16.273455642999977 ], [ -47.343075836999958, -16.059329344999981 ], [ -47.243162556999948, -16.042826195999965 ], [ -47.213795356999981, -15.992174356999953 ], [ -47.155897902999982, -15.973378579999974 ], [ -47.096764694999933, -15.975128714999983 ], [ -47.038191843999982, -15.941280613999936 ], [ -46.851961633999963, -15.890773553999963 ], [ -46.824677596999948, -15.865352782999935 ], [ -46.817735494999965, -15.804079981999962 ], [ -46.862732309999956, -15.741687792999926 ], [ -46.882199800999956, -15.673163259999967 ], [ -46.923269578999964, -15.630477178999968 ], [ -46.933565065999971, -15.587598238999931 ], [ -46.930580835999933, -15.454317646999982 ], [ -46.88361137499993, -15.407028503999982 ], [ -46.873308904999931, -15.279358418999948 ], [ -46.879058807999968, -15.249753734999956 ], [ -46.930391701999952, -15.213700634999952 ], [ -46.938688124999942, -15.100629869999977 ], [ -46.923454916999958, -15.065529216999948 ], [ -46.870525153999949, -15.019703140999979 ], [ -46.797865344999934, -15.008973152999943 ], [ -46.772429969999962, -15.013778251999952 ], [ -46.735048329999984, -15.062780519999933 ], [ -46.536866438999937, -15.066462102999935 ], [ -46.526223564999952, -14.878714695999975 ], [ -46.542476874999977, -14.818967866999969 ], [ -46.52136693999995, -14.756797148999965 ], [ -46.500396512999941, -14.747326690999955 ], [ -46.415599004999933, -14.754013207999947 ], [ -46.400767984999959, -14.796572018999939 ], [ -46.360630770999933, -14.808738731999938 ], [ -46.317798954999944, -14.848384096999951 ], [ -46.308794987999931, -14.923237545999939 ], [ -46.28924600299996, -14.944780882999964 ], [ -46.08400534499998, -14.947935116999929 ], [ -46.072565198999939, -14.889727655999934 ], [ -46.02908475199996, -14.875191775999951 ], [ -46.018762953999953, -14.855013173999964 ], [ -46.017688663999934, -14.608076805999929 ], [ -46.000427410999976, -14.549944923999931 ], [ -46.018971594999982, -14.465878941999961 ], [ -45.901103336999938, -14.359868755999969 ], [ -45.970448217999945, -14.30657432199996 ], [ -46.063612635999959, -14.280344850999938 ], [ -46.17943805699997, -14.167626359999929 ], [ -46.248029341999938, -14.077150901999971 ], [ -46.237660671999947, -14.028818366999928 ], [ -46.268101252999941, -13.809134602999961 ], [ -46.24351106499995, -13.671244396999953 ], [ -46.193954583999982, -13.614562160999981 ], [ -46.24322918699994, -13.572143023999956 ], [ -46.256843923999952, -13.449567662999982 ], [ -46.181286270999976, -13.378679012999953 ], [ -46.091962928999976, -13.355006251999953 ], [ -46.075575279999953, -13.327166939999927 ], [ -46.226346555999953, -13.304466985999966 ], [ -46.26580826999998, -13.37370875199997 ], [ -46.298667077999937, -13.381875609999952 ], [ -46.316153545999953, -13.06661850699993 ], [ -46.203556119999973, -13.024371935999966 ], [ -46.240503586999978, -12.98992136399994 ], [ -46.333585936920485, -12.983758131584137 ] ], [ [ -48.194069956999954, -15.539644451999948 ], [ -47.45314813799996, -15.543116401999953 ], [ -47.330519977999984, -15.603745903999936 ], [ -47.330078488999959, -15.810057226999959 ], [ -47.378728301999956, -15.862924735999968 ], [ -47.392313077999972, -16.031275534999963 ], [ -47.432242607999967, -16.041833397999937 ], [ -48.259079360999976, -16.039893675999963 ], [ -48.270245504999934, -16.013424566999959 ], [ -48.246828192999942, -15.970803929999931 ], [ -48.284245796999983, -15.889998012999968 ], [ -48.244991084999981, -15.787394228999972 ], [ -48.238557468999943, -15.646656667999935 ], [ -48.194069956999954, -15.539644451999948 ] ] ] } },
{ "type": "Feature", "properties": { "shapeName": "Distrito Federal", "shapeISO": "BR-DF", "shapeID": "14911670B84195346134564", "shapeGroup": "BRA", "shapeType": "ADM1", "region": "Central-West" }, "geometry": { "type": "Polygon", "coordinates": [ [ [ -47.45314813799996, -15.543116401999953 ], [ -48.194069956999954, -15.539644451999948 ], [ -48.238557468999943, -15.646656667999935 ], [ -48.244991084999981, -15.787394228999972 ], [ -48.284245796999983, -15.889998012999968 ], [ -48.246828192999942, -15.970803929999931 ], [ -48.270245504999934, -16.013424566999959 ], [ -48.259079360999976, -16.039893675999963 ], [ -47.432242607999967, -16.041833397999937 ], [ -47.392313077999972, -16.031275534999963 ], [ -47.378728301999956, -15.862924735999968 ], [ -47.330078488999959, -15.810057226999959 ], [ -47.330519977999984, -15.603745903999936 ], [ -47.45314813799996, -15.543116401999953 ] ] ] } },
{ "type": "Feature", "properties": { "shapeName": "Minas Gerais", "shapeISO": "BR-MG", "shapeID": "14911670B44044837234259", "shapeGroup": "BRA", "shapeType": "ADM1", "region": "Southeast" }, "geometry": { "type": "Polygon", "coordinates": [ [ [ -40.269292865999944, -17.961366243999976 ], [ -40.250481681999929, -17.916701094999951 ], [ -40.186738262999938, -17.899239457999954 ], [ -40.207408662999967, -17.754579095999929 ], [ -40.254145419999929, -17.737538306999966 ], [ -40.33294458599994, -17.627089557999966 ], [ -40.427816965999966, -17.598533206999946 ], [ -40.506630528999949, -17.455344959999934 ], [ -40.583666766999954, -17.412658779999958 ], [ -40.596843393999961, -17.323419822999938 ], [ -40.542570480999984, -17.272309611999958 ], [ -40.527634789999979, -17.024686267999982 ], [ -40.491347427999983, -16.911032354999975 ], [ -40.462272771999949, -16.889178552999965 ], [ -40.280608767999979, -16.886858472999961 ], [ -40.248713048999946, -16.866576412999962 ], [ -40.244929719999959, -16.822400785999946 ], [ -40.296548606999977, -16.765368269999954 ], [ -40.301548251999975, -16.717526249999935 ], [ -40.294750814999929, -16.686048834999951 ], [ -40.249330989999976, -16.635959494999952 ], [ -40.23768089899994, -16.560528513999941 ], [ -40.132061496999938, -16.563748271999941 ], [ -40.119312431999958, -16.500909591999971 ], [ -40.022133254999972, -16.407661421999933 ], [ -39.996509001999982, -16.325453449999941 ], [ -39.905384505999962, -16.29400493299994 ], [ -39.879001365999954, -16.212604338999938 ], [ -39.840430344999959, -16.179482699999937 ], [ -39.843730867999966, -16.081165816999942 ], [ -39.904642720999959, -15.984220874999949 ], [ -39.990195856999946, -15.959314362999976 ], [ -40.030479462999949, -15.923124822999966 ], [ -40.107525000999942, -15.903356149999979 ], [ -40.206418382999971, -15.811111685999947 ], [ -40.538704554999981, -15.789442211999926 ], [ -40.589006187999985, -15.737624714999981 ], [ -40.642797664999932, -15.722728686999972 ], [ -40.662481789999958, -15.69323004499995 ], [ -40.787794886999961, -15.672609588999933 ], [ -40.842184047999979, -15.680246526999952 ], [ -40.886122227999977, -15.633532144999947 ], [ -40.920599206999952, -15.641128331999937 ], [ -40.965560308999954, -15.725191111999948 ], [ -41.03546238499996, -15.717034485999932 ], [ -41.056910097999946, -15.780478502999927 ], [ -41.320541570999978, -15.78098986699996 ], [ -41.335511255999961, -15.751215337999952 ], [ -41.33590454199998, -15.520074905999934 ], [ -41.365451997999969, -15.464925009999945 ], [ -41.563940699999932, -15.307780116999936 ], [ -41.606092452999974, -15.253962556999966 ], [ -41.765843591999953, -15.138432862999935 ], [ -41.871127399999978, -15.120323738999957 ], [ -41.923403390999965, -15.172210348999954 ], [ -42.033139057999961, -15.186577548999935 ], [ -42.155929467999954, -15.109598926999979 ], [ -42.225599945999932, -15.126273664999928 ], [ -42.28942488399997, -15.115363124999931 ], [ -42.387426109999979, -15.062238107999974 ], [ -42.425387135999983, -15.022113287999957 ], [ -42.507836881999935, -15.000598642999933 ], [ -42.547750981999968, -14.963121107999939 ], [ -42.679508873999964, -14.935868759999948 ], [ -42.726477910999961, -14.861510007999982 ], [ -42.800718956999958, -14.832029258999967 ], [ -42.915178423999976, -14.744073340999932 ], [ -42.984281675999966, -14.74336961399996 ], [ -43.104305029999978, -14.679419103999976 ], [ -43.300720120999983, -14.668698608999932 ], [ -43.341315214999952, -14.719054692999975 ], [ -43.421393716999944, -14.735943886999962 ], [ -43.458191986999964, -14.776050882999982 ], [ -43.513158566314218, -14.785721674054287 ], [ -43.550482058999933, -14.781653006999932 ], [ -43.627747242999931, -14.732047552999973 ], [ -43.724227052999936, -14.724035253999944 ], [ -43.750360003999958, -14.693674444999942 ], [ -43.842899734999946, -14.687560779999956 ], [ -43.884930447999977, -14.665856937999934 ], [ -43.888649544999964, -14.647497120999958 ], [ -43.841352428999983, -14.472318684999948 ], [ -43.797175789999983, -14.401966075999951 ], [ -43.79728672799996, -14.342308312999933 ], [ -43.909036406999974, -14.321966169999939 ], [ -44.01403524899996, -14.27563966799994 ], [ -44.398096059999943, -14.276412469999968 ], [ -44.433108854999944, -14.329288378999934 ], [ -44.555489679999937, -14.340088524999942 ], [ -44.662047806999965, -14.441664025999955 ], [ -44.762392276999947, -14.451930620999974 ], [ -44.775444388999972, -14.495941320999975 ], [ -44.859386867999945, -14.584914123999965 ], [ -44.873888173999944, -14.627418875999979 ], [ -44.973260821999986, -14.638566905999937 ], [ -44.991709761999971, -14.683319017999963 ], [ -45.034821483999963, -14.698276723999982 ], [ -45.053055005999965, -14.743105172999947 ], [ -45.109493239999949, -14.758600704999935 ], [ -45.199510712999938, -14.749181463999946 ], [ -45.229317205999962, -14.77989043499997 ], [ -45.26590893499997, -14.789781841999968 ], [ -45.284203454999954, -14.835356773999933 ], [ -45.324304310999935, -14.859187218999978 ], [ -45.349597502999984, -14.925341555999978 ], [ -45.404600072999983, -14.924154160999933 ], [ -45.464887732999955, -14.954381615999978 ], [ -45.611370946999955, -14.965414305999957 ], [ -45.741856850999966, -15.114886526999953 ], [ -45.826083757999982, -15.134941547999972 ], [ -45.876172034999968, -15.18071129599997 ], [ -45.91693651099996, -15.13209723999995 ], [ -45.942538819999982, -15.125563263999936 ], [ -46.04533863599994, -15.232687965999958 ], [ -46.11990346999994, -15.237748913999951 ], [ -46.13720184999994, -15.183219716999929 ], [ -46.034175102999939, -15.135421930999939 ], [ -45.985132048999958, -15.082098104999943 ], [ -45.962619210999947, -15.035300529999972 ], [ -45.973607974999936, -14.967239910999979 ], [ -46.062622545999943, -14.925482343999931 ], [ -46.100860059999945, -14.953480175999971 ], [ -46.160109296999963, -14.937390411999957 ], [ -46.220278874999963, -14.953638722999926 ], [ -46.28924600299996, -14.944780882999964 ], [ -46.308794987999931, -14.923237545999939 ], [ -46.317798954999944, -14.848384096999951 ], [ -46.360630770999933, -14.808738731999938 ], [ -46.400767984999959, -14.796572018999939 ], [ -46.428492674999973, -14.748346904999948 ], [ -46.500396512999941, -14.747326690999955 ], [ -46.523171126999955, -14.760523574999979 ], [ -46.542476874999977, -14.818967866999969 ], [ -46.526223564999952, -14.878714695999975 ], [ -46.540543337999964, -15.068828705999977 ], [ -46.735048329999984, -15.062780519999933 ], [ -46.786479256999939, -15.00934112799996 ], [ -46.889684861999967, -15.032565366999961 ], [ -46.938688124999942, -15.100629869999977 ], [ -46.928803448999986, -15.218735648999939 ], [ -46.879058807999968, -15.249753734999956 ], [ -46.873320189999959, -15.27371244699998 ], [ -46.88361137499993, -15.407028503999982 ], [ -46.929567320999979, -15.449148056999945 ], [ -46.93415427399998, -15.581952013999967 ], [ -46.923269578999964, -15.630477178999968 ], [ -46.882199800999956, -15.673163259999967 ], [ -46.862732309999956, -15.741687792999926 ], [ -46.817735494999965, -15.804079981999962 ], [ -46.824677596999948, -15.865352782999935 ], [ -46.851961633999963, -15.890773553999963 ], [ -47.038191843999982, -15.941280613999936 ], [ -47.096764694999933, -15.975128714999983 ], [ -47.155897902999982, -15.973378579999974 ], [ -47.213795356999981, -15.992174356999953 ], [ -47.243162556999948, -16.042826195999965 ], [ -47.338655894999931, -16.051733121999973 ], [ -47.347950036999976, -16.277230732999953 ], [ -47.375000701999966, -16.313100292999934 ], [ -47.388209647999986, -16.373284915999932 ], [ -47.432289989999958, -16.387197687999958 ], [ -47.442340528999978, -16.40726418099996 ], [ -47.439104017999966, -16.561663559999943 ], [ -47.38610598799994, -16.597714399999973 ], [ -47.247945276999985, -16.758307775999981 ], [ -47.21995177499997, -16.904403861999981 ], [ -47.19104896999994, -16.97450553699997 ], [ -47.205247914999973, -17.061844554999936 ], [ -47.293803983999965, -17.141942881999967 ], [ -47.33437784299997, -17.153474604999928 ], [ -47.377151539999943, -17.192720619999932 ], [ -47.439153119999958, -17.270090975999949 ], [ -47.447047291999979, -17.362438328999929 ], [ -47.549990212999944, -17.414267501999973 ], [ -47.560176927999976, -17.434825514999943 ], [ -47.555906430999983, -17.473840605999953 ], [ -47.509250250999969, -17.491670030999956 ], [ -47.490620376999971, -17.53580446999996 ], [ -47.375228404999973, -17.544200699999976 ], [ -47.356658865999975, -17.588264838999976 ], [ -47.308317946999978, -17.61015030599998 ], [ -47.308426234999956, -17.692949994999935 ], [ -47.359979628999952, -17.717648439999948 ], [ -47.367694331999985, -17.804273862999935 ], [ -47.399270509999951, -17.829242941999951 ], [ -47.404637081999965, -17.871676254999954 ], [ -47.399294968999982, -17.919970904999957 ], [ -47.367832774999954, -17.944819442999972 ], [ -47.360405021999952, -18.014932988999931 ], [ -47.309038075999979, -18.069380365999962 ], [ -47.31217487999993, -18.10924018999998 ], [ -47.392663826999978, -18.120441322999966 ], [ -47.413709660999984, -18.166479692999928 ], [ -47.472265593999964, -18.175733492999939 ], [ -47.549157174999948, -18.220278448999977 ], [ -47.642372179999938, -18.280525741999952 ], [ -47.707947064999985, -18.363664280999956 ], [ -47.79713628899998, -18.384569448999969 ], [ -47.825853031999941, -18.436916655999937 ], [ -47.88763043199998, -18.45495509999995 ], [ -47.950584283999945, -18.504291404999947 ], [ -48.017284863999976, -18.500952369999936 ], [ -48.043134532999943, -18.451927370999954 ], [ -48.174593541999968, -18.444910820999951 ], [ -48.188610768999979, -18.38522040099997 ], [ -48.203611008999985, -18.376396696999961 ], [ -48.568695502999958, -18.374839986999973 ], [ -48.58949383199996, -18.365143629999977 ], [ -48.601753011999961, -18.325917217999972 ], [ -48.623257141999943, -18.319867901999942 ], [ -48.644761491999986, -18.32591760899993 ], [ -48.667304242999933, -18.372759222999946 ], [ -48.836551827999983, -18.375394877999952 ], [ -48.860063002999937, -18.368572319999942 ], [ -48.882304467999973, -18.322088073999964 ], [ -48.978434263999986, -18.319882654999958 ], [ -49.037790713999982, -18.385784061999971 ], [ -49.049522543999956, -18.443000671999982 ], [ -49.20398976499996, -18.457171026999958 ], [ -49.418010998999932, -18.669652708999934 ], [ -49.44311526499996, -18.666465622999965 ], [ -49.464611548999983, -18.599487948999979 ], [ -49.521838635999984, -18.513624209999932 ], [ -49.548609260999967, -18.504980236999927 ], [ -49.584213998999985, -18.551879934999931 ], [ -49.671967346999963, -18.568676336999943 ], [ -49.701518647999933, -18.607662019999964 ], [ -49.789044928999942, -18.624238486999957 ], [ -49.823500731999957, -18.664872296999931 ], [ -49.943595580999954, -18.66969702199998 ], [ -50.004801030999943, -18.621273483999971 ], [ -50.040225156999952, -18.619235749999973 ], [ -50.09785777899998, -18.664007881999964 ], [ -50.199770394999973, -18.67930333299995 ], [ -50.266592230999947, -18.718914876999975 ], [ -50.353737276999937, -18.735621216999959 ], [ -50.400491766999949, -18.820883701999946 ], [ -50.477452832999973, -18.871176656999978 ], [ -50.496706406999976, -18.95163126999995 ], [ -50.537559723999948, -18.986744489999978 ], [ -50.55300929699996, -19.094759144999955 ], [ -50.594275141999958, -19.130004608999968 ], [ -50.612694328999964, -19.172878197999978 ], [ -50.748518797999964, -19.199818482999945 ], [ -50.867483281999966, -19.343340546999968 ], [ -50.894383981999965, -19.433200730999943 ], [ -50.879589841999973, -19.506062483999926 ], [ -50.950447684999972, -19.533195962999969 ], [ -50.944276993999949, -19.632631557999957 ], [ -51.040589899999986, -19.674831402999928 ], [ -51.050707344999978, -20.003030284999966 ], [ -51.00020733599996, -20.032436888999939 ], [ -50.893010264999987, -20.024445667999942 ], [ -50.783865980999963, -19.932528434999938 ], [ -50.673961305999967, -19.912030949999973 ], [ -50.592116828999963, -19.81699852099996 ], [ -50.568821580999952, -19.809509512999966 ], [ -50.448996070999954, -19.820886156999961 ], [ -50.412836939999977, -19.861095391999982 ], [ -50.358697275999987, -19.884955772999945 ], [ -49.962083756999959, -19.932212070999981 ], [ -49.919737138999949, -19.995756771999936 ], [ -49.794695744999956, -19.968085970999937 ], [ -49.68608261199995, -20.014619834999962 ], [ -49.64583829299994, -19.932394339999973 ], [ -49.550281214999984, -19.94164804299993 ], [ -49.495158946999936, -19.988290124999935 ], [ -49.378577861999986, -20.048133310999958 ], [ -49.33250851899993, -19.995895597999947 ], [ -49.276975924999931, -20.012023762999945 ], [ -49.282567810999979, -20.049910526999952 ], [ -49.332600198999955, -20.08335539899997 ], [ -49.33998666399998, -20.11146821799997 ], [ -49.326567897999951, -20.203196617999936 ], [ -49.266397545999951, -20.322896214999957 ], [ -49.209405515999947, -20.332470936999982 ], [ -49.186456815999975, -20.357418244999963 ], [ -49.167308207999952, -20.263487262999945 ], [ -49.107224293999934, -20.166829259999929 ], [ -49.082267280999986, -20.164753287999929 ], [ -49.027401660999942, -20.194548210999983 ], [ -49.012405481999963, -20.227987668999958 ], [ -48.994635169999981, -20.44275222999994 ], [ -48.963318750999974, -20.465093005999961 ], [ -48.920089670999971, -20.452744812999981 ], [ -48.907599197999957, -20.380867973999955 ], [ -48.911803205999945, -20.350336037999966 ], [ -48.957884196999942, -20.303415142999938 ], [ -48.955037584999957, -20.286385026999938 ], [ -48.890132776999963, -20.22585123999994 ], [ -48.789591958999949, -20.182723858999964 ], [ -48.703198574999931, -20.211327583999946 ], [ -48.650447062999945, -20.173744952999982 ], [ -48.605911206999963, -20.163751170999944 ], [ -48.287656688999959, -20.161563680999961 ], [ -48.266746087999934, -20.151959599999941 ], [ -48.254486518999954, -20.113158263999935 ], [ -48.232981393999978, -20.107175300999927 ], [ -48.211473900999977, -20.113162505999981 ], [ -48.18870282599994, -20.159605301999932 ], [ -48.072878112999945, -20.16188428199996 ], [ -48.051939586999936, -20.152187296999955 ], [ -48.039994097999966, -20.094519937999962 ], [ -48.018299398999943, -20.088514550999946 ], [ -47.994041935999974, -20.098006228999964 ], [ -47.981480141999953, -20.156270853999956 ], [ -47.949751505999984, -20.161716929999955 ], [ -47.933337721999976, -20.148977487999957 ], [ -47.929478309999979, -20.070520186999943 ], [ -47.916201056999967, -20.054109830999948 ], [ -47.791128341999979, -20.049568657999941 ], [ -47.752870549999955, -20.017981116999977 ], [ -47.71714620299997, -20.058929003999936 ], [ -47.674313273999985, -20.068809449999947 ], [ -47.592695599999956, -20.03772980399998 ], [ -47.558224404999976, -19.997142081999982 ], [ -47.513652260999947, -20.013620835999973 ], [ -47.441599803999964, -20.101560952999932 ], [ -47.360547895999957, -20.15618647499997 ], [ -47.290479282999968, -20.171598615999983 ], [ -47.286742797999977, -20.365289426999936 ], [ -47.303876009999954, -20.461289312999952 ], [ -47.136495405999938, -20.656109913999956 ], [ -47.148608443999933, -20.714950153999951 ], [ -47.235460673999967, -20.803900552999949 ], [ -47.271282263999979, -20.925398519999931 ], [ -47.217336134999982, -21.022390877999953 ], [ -47.197225033999985, -21.186683400999982 ], [ -47.160894063999933, -21.218549448999966 ], [ -47.136587241999962, -21.299843153999973 ], [ -47.083811219999973, -21.359573120999983 ], [ -47.034911829999942, -21.380215092999947 ], [ -47.039534157999981, -21.413703912999949 ], [ -47.088269550999939, -21.433656177999978 ], [ -47.068334209999932, -21.484844361999933 ], [ -47.004080571999964, -21.490496047999954 ], [ -46.918010649999985, -21.417269652999948 ], [ -46.725234598999975, -21.424603010999931 ], [ -46.693719376999979, -21.432848474999957 ], [ -46.65630433299998, -21.488096763999977 ], [ -46.593437122999944, -21.496609120999949 ], [ -46.568084793999958, -21.52019637899997 ], [ -46.577914989999954, -21.65987158799993 ], [ -46.668388472999936, -21.722598683999934 ], [ -46.692623826999977, -21.81158745099998 ], [ -46.739138992999983, -21.874120136999977 ], [ -46.73612435299998, -21.900373226999932 ], [ -46.704596654999932, -21.923612740999943 ], [ -46.681609667999965, -22.02289051799994 ], [ -46.688516985999968, -22.048517532999938 ], [ -46.737796933999959, -22.069237286999964 ], [ -46.739338007999947, -22.145295975999943 ], [ -46.725424755999938, -22.161120457999971 ], [ -46.67197817999994, -22.16823037599994 ], [ -46.662013299999956, -22.191602659999944 ], [ -46.73654357199996, -22.261667832999933 ], [ -46.736623832999953, -22.408387585999947 ], [ -46.669073807999951, -22.475846527999977 ], [ -46.581808285999955, -22.498723715999972 ], [ -46.487388758999941, -22.569505309999954 ], [ -46.463231700999984, -22.714055562999931 ], [ -46.525721240999985, -22.765508207999972 ], [ -46.509824651999963, -22.784665651999944 ], [ -46.419824489999939, -22.811174987999948 ], [ -46.396402816999966, -22.952844343999971 ], [ -46.345057103999977, -22.90936004699995 ], [ -46.259657990999983, -22.904729877999955 ], [ -46.210622500999932, -22.912902650999968 ], [ -46.177666572999954, -22.95056954699993 ], [ -46.142046305999941, -22.949750002999963 ], [ -46.085775545999979, -22.93541810499994 ], [ -46.042464988999939, -22.904648231999943 ], [ -45.910361010999964, -22.899458092999964 ], [ -45.870489146999944, -22.879431229999966 ], [ -45.870199956999954, -22.852447783999935 ], [ -45.789964724999948, -22.842016444999956 ], [ -45.790180573999976, -22.801725820999934 ], [ -45.852089074999981, -22.790258388999973 ], [ -45.861976027999958, -22.764710745999935 ], [ -45.809436895999966, -22.717442662999929 ], [ -45.770454896999979, -22.617170589999944 ], [ -45.701567041999965, -22.667820247999941 ], [ -45.637350126999934, -22.651949521999938 ], [ -45.437716235999972, -22.673869882999952 ], [ -45.367321644999947, -22.664804752999942 ], [ -45.318083533999982, -22.624819780999928 ], [ -45.231194651999942, -22.602251459999934 ], [ -45.162333927999953, -22.498640567999928 ], [ -44.953086668999958, -22.481211093999946 ], [ -44.908349004999934, -22.44522914099997 ], [ -44.815250207999952, -22.432731065999974 ], [ -44.748585317999982, -22.401944576999938 ], [ -44.608412834999967, -22.396017184999948 ], [ -44.585890976999963, -22.351414486999943 ], [ -44.542737478999982, -22.336920474999943 ], [ -44.515625917999955, -22.29094822899998 ], [ -44.484219555999971, -22.296219987999962 ], [ -44.471496130999981, -22.334881250999956 ], [ -44.44738644399996, -22.344101408999961 ], [ -44.425841817999981, -22.338244801999963 ], [ -44.398327752999933, -22.291408635999971 ], [ -44.198811169999942, -22.287694395999949 ], [ -44.173157646999982, -22.24010743599996 ], [ -44.056930894999937, -22.232787515999973 ], [ -43.99344220699993, -22.153432193999947 ], [ -43.903602475999946, -22.138744113999962 ], [ -43.834011367999949, -22.097132517999967 ], [ -43.47266362299996, -22.086904110999967 ], [ -43.425714261999985, -22.037060762999943 ], [ -43.319896738999944, -22.038440025999932 ], [ -43.21876561199997, -22.077022086999932 ], [ -43.223345571999971, -22.136479118999944 ], [ -43.16883099699993, -22.144727666999927 ], [ -43.139501926999969, -22.096400395999979 ], [ -43.082030474999954, -22.086324521999927 ], [ -43.05737137899996, -22.058109031999948 ], [ -42.958366005999949, -22.03528360599995 ], [ -42.918014493999976, -21.99279516699994 ], [ -42.834988559999942, -21.972714054999983 ], [ -42.800974118999932, -21.938634772999933 ], [ -42.598428874999968, -21.889579520999973 ], [ -42.541665111999976, -21.831983278999928 ], [ -42.429993277999984, -21.811804876999929 ], [ -42.390965598999969, -21.775667845999976 ], [ -42.303517102999933, -21.752719042999956 ], [ -42.290313156999957, -21.689937508999947 ], [ -42.38683027899998, -21.667393133999951 ], [ -42.402543839999964, -21.64675747299998 ], [ -42.368851588999974, -21.602625101999934 ], [ -42.288966474999938, -21.562066021999954 ], [ -42.308835074999934, -21.483663194999963 ], [ -42.292052345999934, -21.432987579999974 ], [ -42.288511097999958, -21.307624035999936 ], [ -42.237164749999977, -21.28354190899995 ], [ -42.228270001999931, -21.19336315299995 ], [ -42.160725079999963, -21.110668607999969 ], [ -42.191583608999963, -21.043126146999953 ], [ -42.191756405999968, -20.979379187999939 ], [ -42.168502567999951, -20.965991094999936 ], [ -42.032878713999935, -20.963624410999955 ], [ -42.010003693999977, -20.918597468999963 ], [ -41.966742315999966, -20.904325301999961 ], [ -41.954274694999981, -20.848668818999954 ], [ -41.902390879999984, -20.821191490999979 ], [ -41.878184717999943, -20.614238662999981 ], [ -41.825222466999946, -20.586897054999952 ], [ -41.82396465599993, -20.455423484999983 ], [ -41.878828245999955, -20.422395330999962 ], [ -41.877071165999951, -20.318477023999947 ], [ -41.830531926999981, -20.301218968999933 ], [ -41.81515316499997, -20.260715456999947 ], [ -41.771980818999964, -20.24629523699997 ], [ -41.749329646999968, -20.200991906999946 ], [ -41.380223623999939, -20.192753294999932 ], [ -41.369608151999955, -20.043703032999929 ], [ -41.340348536999954, -20.023133622999978 ], [ -41.327619671999969, -19.985586302999934 ], [ -41.26777188899996, -19.974117945999978 ], [ -41.248969221999971, -19.931120987999975 ], [ -41.200763202999951, -19.909770152999954 ], [ -41.193975042999966, -19.694943922999983 ], [ -41.147519733999957, -19.677738899999952 ], [ -41.131996778999962, -19.637227828999983 ], [ -41.085639039999933, -19.619904328999951 ], [ -41.074649500999953, -19.507399681999971 ], [ -40.967968587999962, -19.491681351999944 ], [ -40.96134507599993, -19.349661477999973 ], [ -40.908652538999945, -19.322477989999982 ], [ -40.912248746999978, -19.305903883999974 ], [ -40.961276751999947, -19.284935536999967 ], [ -40.968307895999942, -19.124213606999945 ], [ -41.016471114999945, -19.108753219999983 ], [ -41.067886473999977, -19.065705311999977 ], [ -41.091817137999954, -18.96430879299993 ], [ -41.148522440999955, -18.908813954999971 ], [ -41.236638223999933, -18.884868170999937 ], [ -41.257572034999953, -18.861842653999929 ], [ -41.234652857999947, -18.844444328999941 ], [ -40.966483550999953, -18.82907677399993 ], [ -40.942322743999966, -18.779363495999974 ], [ -40.942574521999973, -18.734650965999947 ], [ -40.988434163999955, -18.64392182499995 ], [ -41.055964090999964, -18.607064217999948 ], [ -41.018975199999943, -18.560830893999935 ], [ -41.008723362999945, -18.500735495999947 ], [ -41.17484165999997, -18.458662072999971 ], [ -41.174403020999932, -18.311349648999965 ], [ -41.125107220999951, -18.290836148999972 ], [ -41.113259902999971, -18.215225089999933 ], [ -41.052651367999943, -18.203362868999932 ], [ -41.028277062999962, -18.173979246999977 ], [ -40.772555084999965, -18.141219554999964 ], [ -40.782167906999973, -18.047936872999969 ], [ -40.678718654999955, -18.016194513999949 ], [ -40.666198908999945, -17.977984456999934 ], [ -40.620655882999984, -17.960050652999939 ], [ -40.602352094999958, -17.915843649999942 ], [ -40.340063934999932, -17.913063797999939 ], [ -40.295802880999929, -17.967168852999976 ], [ -40.269292865999944, -17.961366243999976 ] ] ] } },
{ "type": "Feature", "properties": { "shapeName": "Espirito Santo", "shapeISO": "BR-ES", "shapeID": "14911670B28216513632935", "shapeGroup": "BRA", "shapeType": "ADM1", "region": "Southeast" }, "geometry": { "type": "Polygon", "coordinates": [ [ [ -40.164600378999978, -17.983684721999964 ], [ -40.309080150999932, -17.963730774999931 ], [ -40.340063934999932, -17.913063797999939 ], [ -40.597970035999936, -17.914087274999929 ], [ -40.620655882999984, -17.960050652999939 ], [ -40.663717256999973, -17.974776375999966 ], [ -40.678718654999955, -18.016194513999949 ], [ -40.782167906999973, -18.047936872999969 ], [ -40.772555084999965, -18.141219554999964 ], [ -41.028277062999962, -18.173979246999977 ], [ -41.052651367999943, -18.203362868999932 ], [ -41.113259902999971, -18.215225089999933 ], [ -41.125107220999951, -18.290836148999972 ], [ -41.174403020999932, -18.311349648999965 ], [ -41.17484165999997, -18.458662072999971 ], [ -41.008723362999945, -18.500735495999947 ], [ -41.018975199999943, -18.560830893999935 ], [ -41.055964090999964, -18.607064217999948 ], [ -40.988434163999955, -18.64392182499995 ], [ -40.942574521999973, -18.734650965999947 ], [ -40.942322743999966, -18.779363495999974 ], [ -40.966483550999953, -18.82907677399993 ], [ -41.234652857999947, -18.844444328999941 ], [ -41.257572034999953, -18.861842653999929 ], [ -41.236638223999933, -18.884868170999937 ], [ -41.148522440999955, -18.908813954999971 ], [ -41.091817137999954, -18.96430879299993 ], [ -41.067886473999977, -19.065705311999977 ], [ -41.016471114999945, -19.108753219999983 ], [ -40.968307895999942, -19.124213606999945 ], [ -40.961276751999947, -19.284935536999967 ], [ -40.912248746999978, -19.305903883999974 ], [ -40.908652538999945, -19.322477989999982 ], [ -40.96134507599993, -19.349661477999973 ], [ -40.967968587999962, -19.491681351999944 ], [ -41.074649500999953, -19.507399681999971 ], [ -41.085639039999933, -19.619904328999951 ], [ -41.131996778999962, -19.637227828999983 ], [ -41.147519733999957, -19.677738899999952 ], [ -41.193975042999966, -19.694943922999983 ], [ -41.200763202999951, -19.909770152999954 ], [ -41.248969221999971, -19.931120987999975 ], [ -41.26777188899996, -19.974117945999978 ], [ -41.327619671999969, -19.985586302999934 ], [ -41.340348536999954, -20.023133622999978 ], [ -41.369608151999955, -20.043703032999929 ], [ -41.380223623999939, -20.192753294999932 ], [ -41.749329646999968, -20.200991906999946 ], [ -41.771980818999964, -20.24629523699997 ], [ -41.81515316499997, -20.260715456999947 ], [ -41.830531926999981, -20.301218968999933 ], [ -41.877071165999951, -20.318477023999947 ], [ -41.880131218999963, -20.417742117999978 ], [ -41.825248086999977, -20.45073053599998 ], [ -41.822231638999938, -20.566126821999944 ], [ -41.829801614999951, -20.594369251999979 ], [ -41.878184717999943, -20.614238662999981 ], [ -41.900448731999973, -20.817177424999954 ], [ -41.887223123999945, -20.836000689999935 ], [ -41.785694803999945, -20.85192277699997 ], [ -41.77374593199994, -21.180989401999966 ], [ -41.623236476999978, -21.186860958999944 ], [ -41.597979257999953, -21.216592465999952 ], [ -41.549279466999963, -21.237984691999941 ], [ -41.296313362999967, -21.240215710999962 ], [ -41.250872424999955, -21.293415287999949 ], [ -41.169894598999974, -21.289406751999934 ], [ -41.13747140199996, -21.240890073999935 ], [ -41.085708756999963, -21.291312387999938 ], [ -40.990605434999964, -21.287481797999931 ], [ -40.93816861199997, -21.190872510999952 ], [ -40.875195570999949, -21.180829565999943 ], [ -40.850492993999978, -21.15844629399993 ], [ -40.845134022999957, -21.036028279999982 ], [ -40.802944446999959, -20.934422846999951 ], [ -40.714071322999985, -20.884170706999953 ], [ -40.569906067999966, -20.852828120999959 ], [ -40.518003252999961, -20.751838876999955 ], [ -40.51085244099994, -20.665578480999955 ], [ -40.463796567999964, -20.648761358999934 ], [ -40.424847621999959, -20.597833031999983 ], [ -40.38252216799998, -20.59029073399995 ], [ -40.373528319999934, -20.537655451999967 ], [ -40.323749046999978, -20.500649751999958 ], [ -40.316184206999935, -20.408306369999934 ], [ -40.267424234999964, -20.357979714999942 ], [ -40.257419994999964, -20.29872441599997 ], [ -40.207447148999961, -20.208245477999981 ], [ -40.215105161999929, -20.166051919999973 ], [ -40.147796332999974, -20.113142270999958 ], [ -40.139901325999972, -20.007030888999964 ], [ -40.088727252999945, -19.983624898999949 ], [ -40.097962097999982, -19.829276598999968 ], [ -40.49270585599993, -19.690956673999949 ], [ -40.429991565999956, -19.67430621799997 ], [ -40.062455940999939, -19.780851161999976 ], [ -39.97754393799994, -19.755628492999961 ], [ -39.92405473499997, -19.70893665899996 ], [ -39.81932113299996, -19.665370619999976 ], [ -39.76554803099998, -19.547722506999946 ], [ -39.75238460199995, -19.460175598999967 ], [ -39.718608784999958, -19.433560811999939 ], [ -39.70494701399997, -19.364990291999959 ], [ -39.695875938999961, -19.019750943999952 ], [ -39.71443645599993, -18.960870117999946 ], [ -39.715579464999962, -18.664792061999947 ], [ -39.73649573299997, -18.517505229999927 ], [ -39.704433335999965, -18.466028369999947 ], [ -39.683115722999958, -18.378917791999982 ], [ -39.639815122999948, -18.331229084999961 ], [ -39.880630395999958, -18.215571358999966 ], [ -39.936117223999929, -18.13568956599994 ], [ -40.013988610999945, -18.084957032999966 ], [ -40.066995849999955, -18.070270034999965 ], [ -40.164600378999978, -17.983684721999964 ] ] ] } },
{ "type": "Feature", "properties": { "shapeName": "Mato Grosso do Sul", "shapeISO": "BR-MS", "shapeID": "14911670B40722526455680", "shapeGroup": "BRA", "shapeType": "ADM1", "region": "Central-West" }, "geometry": { "type": "Polygon", "coordinates": [ [ [ -57.786516055386222, -17.568711794586903 ], [ -57.802100300999939, -17.591595058999928 ], [ -57.788257510999983, -17.633027814999934 ], [ -57.801022288999945, -17.712965156999928 ], [ -57.746643551999966, -17.735733567999944 ], [ -57.718847239999945, -17.79344096899996 ], [ -57.689648344999966, -17.812985362999939 ], [ -57.674453491999941, -17.848632291999934 ], [ -57.716421626999932, -17.844242491999978 ], [ -57.720298196999977, -17.868795791999958 ], [ -57.654046725999933, -17.972749421999936 ], [ -57.642224086999931, -18.036104746999968 ], [ -57.556630971999937, -18.121536875999936 ], [ -57.536665626999934, -18.180602564999958 ], [ -57.69414007499995, -18.625628544999927 ], [ -57.709573630999955, -18.731747804999941 ], [ -57.762302370999976, -18.886467033999963 ], [ -57.712309876999939, -18.99754687199993 ], [ -57.777644394999982, -19.028959531999931 ], [ -57.790574865999986, -19.090537470999948 ], [ -57.847980713999959, -19.158995166999944 ], [ -57.886292147999939, -19.308106603999931 ], [ -57.93615843799995, -19.344801392999955 ], [ -57.944670049999957, -19.433407867999961 ], [ -57.975103693999984, -19.45623199399995 ], [ -57.985105767999983, -19.528662189999977 ], [ -58.034714317999942, -19.565320347999943 ], [ -58.042673245999936, -19.620853128999954 ], [ -58.096589001999973, -19.725274974999934 ], [ -58.084826536999969, -19.831546759999981 ], [ -57.946269966999978, -19.910107293999943 ], [ -57.904494812999985, -19.971975977999932 ], [ -57.911846196999932, -19.992513962999965 ], [ -57.952441957999952, -20.004368394999972 ], [ -57.971219342999973, -20.04782880199997 ], [ -58.070787762999942, -20.058472949999953 ], [ -58.130332040999974, -20.173798667999961 ], [ -58.109489455999949, -20.25935971499996 ], [ -58.063515342999949, -20.264790819999973 ], [ -58.061009751999961, -20.373066889999961 ], [ -58.007337556999971, -20.444140396999956 ], [ -57.981157789999941, -20.658907823999982 ], [ -57.996794038999951, -20.71422972299996 ], [ -57.963169283999946, -20.760861055999953 ], [ -57.957904966999934, -20.842534085999944 ], [ -57.909704655999974, -20.86367198399995 ], [ -57.894349093999949, -20.904896365999946 ], [ -57.857561297999951, -20.929610781999941 ], [ -57.843609559999948, -21.000359217999971 ], [ -57.845263512999963, -21.205544108999959 ], [ -57.896916134999969, -21.303001356999971 ], [ -57.829992970999967, -21.342962120999971 ], [ -57.895305650999944, -21.390002010999979 ], [ -57.909590238999954, -21.450131534999969 ], [ -57.959309265999934, -21.475642767999943 ], [ -57.960345325999981, -21.84467226299995 ], [ -57.92764723099998, -21.903249719999963 ], [ -57.943857269999967, -22.005203102999928 ], [ -57.993082709999953, -22.026150161999965 ], [ -57.995976688999974, -22.063272089999941 ], [ -57.920359249999933, -22.126418139999942 ], [ -57.781087763999949, -22.143018423999933 ], [ -57.676374918999954, -22.110138089999964 ], [ -57.584958092999955, -22.129939612999976 ], [ -57.579016167999953, -22.195403425999928 ], [ -57.520959044999984, -22.185574939999981 ], [ -57.466371015999982, -22.227778614999977 ], [ -57.43689328399995, -22.224505597999951 ], [ -57.372116224999957, -22.268529373999968 ], [ -56.985917836999931, -22.273145623999937 ], [ -56.843733551999946, -22.325372863999974 ], [ -56.699034902999983, -22.274720598999977 ], [ -56.599788482999941, -22.267105251999965 ], [ -56.547433465999973, -22.224833929999932 ], [ -56.52149288399994, -22.221309521999956 ], [ -56.487193680999951, -22.149837175999949 ], [ -56.408814505999942, -22.132820143999936 ], [ -56.386162386999956, -22.150476559999959 ], [ -56.372329237999963, -22.192603866999946 ], [ -56.326208867999981, -22.209681466999939 ], [ -56.316129912999941, -22.282574407999959 ], [ -56.287939405999964, -22.256969725999966 ], [ -56.252702128999942, -22.256984805999934 ], [ -56.174763039999959, -22.340646263999929 ], [ -55.863374611999973, -22.347976958999936 ], [ -55.773287451999977, -22.476990799999953 ], [ -55.74427292699994, -22.615796576999969 ], [ -55.64116112399995, -22.66437673799993 ], [ -55.645318627999984, -22.770533799999953 ], [ -55.698137394999947, -22.812737237999954 ], [ -55.694933843999934, -22.869094790999952 ], [ -55.645572637999976, -22.95633793199994 ], [ -55.62734887199997, -23.116069564999975 ], [ -55.524784447999934, -23.238413740999931 ], [ -55.555924152999978, -23.271604019999927 ], [ -55.560214878999943, -23.310272114999975 ], [ -55.550122256999941, -23.328722340999946 ], [ -55.506155164999939, -23.343225270999937 ], [ -55.501386636999939, -23.412231821999967 ], [ -55.508805406999954, -23.434136270999943 ], [ -55.557920036999974, -23.454672809999977 ], [ -55.559240070999977, -23.547665559999928 ], [ -55.506410528999936, -23.575899789999937 ], [ -55.496795567999982, -23.682134122999969 ], [ -55.44586486299994, -23.704941412999972 ], [ -55.441757459999963, -23.944199666999964 ], [ -55.392251190999957, -23.983683035999945 ], [ -55.377822270999957, -24.024122280999961 ], [ -55.316728455999964, -24.047460533999981 ], [ -55.263138073999983, -24.031519361999983 ], [ -55.173987611999962, -24.048349795999968 ], [ -54.993530731999954, -24.028611120999983 ], [ -54.963805607999973, -23.999339272999975 ], [ -54.903871262999985, -23.988150976999975 ], [ -54.871544644999972, -23.932278295999936 ], [ -54.726375229999974, -23.936484735999954 ], [ -54.705283258999941, -23.914634645999968 ], [ -54.696660649999956, -23.860618353999939 ], [ -54.681308301999934, -23.853849305999972 ], [ -54.657270271999948, -23.899164852999945 ], [ -54.630439226999954, -23.857481847999964 ], [ -54.580345141999942, -23.91665082999998 ], [ -54.554043825999941, -23.912421862999963 ], [ -54.527289375999942, -23.939105716999961 ], [ -54.431766600999936, -23.946271702999979 ], [ -54.395513527999981, -23.980015366999964 ], [ -54.37977220199997, -24.026015493999978 ], [ -54.302569673999983, -24.080868297999928 ], [ -54.251202650999971, -24.077127504999964 ], [ -54.109120262999966, -23.959624796999947 ], [ -54.087713131999976, -23.793546581999976 ], [ -54.045944870999961, -23.701861422999968 ], [ -54.030514521999976, -23.537594600999967 ], [ -53.996963474999973, -23.481395069999962 ], [ -53.861978730999965, -23.443267670999944 ], [ -53.791488981999976, -23.39898915699996 ], [ -53.777043376999984, -23.358030823999968 ], [ -53.710744785999964, -23.341759415999945 ], [ -53.703621674999965, -23.22638195299993 ], [ -53.650277069999959, -23.159144703999971 ], [ -53.64665582899994, -23.046926839999969 ], [ -53.619432062999977, -22.956557345999954 ], [ -53.547085323999966, -22.929965783999933 ], [ -53.514892096999972, -22.893592788999968 ], [ -53.425411890999953, -22.873248459999957 ], [ -53.364843202999964, -22.816149457999927 ], [ -53.344834032999984, -22.762504650999972 ], [ -53.205365404999952, -22.752916844999959 ], [ -53.061280326999963, -22.548180506999927 ], [ -52.974391319999938, -22.499414965999961 ], [ -52.88503160199997, -22.47805324899997 ], [ -52.849794337999981, -22.444191555999964 ], [ -52.784831069999939, -22.416815332999931 ], [ -52.703941116999943, -22.338537622999979 ], [ -52.530046757999969, -22.259230527999932 ], [ -52.502617165999936, -22.211992928999962 ], [ -52.432016163999947, -22.172417131999964 ], [ -52.365074794999941, -22.100347297999974 ], [ -52.322972498999945, -21.955227256999933 ], [ -52.251980308999975, -21.913010843999928 ], [ -52.178295067999954, -21.797156653999934 ], [ -52.073676640999963, -21.680383296999935 ], [ -52.070498482999938, -21.658129122999981 ], [ -52.122594237999976, -21.564627268999971 ], [ -51.961912321999932, -21.530775096999946 ], [ -51.940513575999944, -21.423837909999975 ], [ -51.90049457799995, -21.376131318999967 ], [ -51.879898974999946, -21.20092283799994 ], [ -51.785459437999975, -21.113353002999929 ], [ -51.754071156999942, -21.024176169999976 ], [ -51.653735696999945, -20.977151033999974 ], [ -51.658228322999946, -20.69563891699994 ], [ -51.579702951999934, -20.635550285999955 ], [ -51.499288172999968, -20.601978460999931 ], [ -51.469260381999959, -20.520330332999947 ], [ -51.363787489999936, -20.40539098499994 ], [ -51.282802067999967, -20.357483410999976 ], [ -51.255802302999939, -20.356415899999945 ], [ -51.237319056999979, -20.331187669999963 ], [ -51.130753050999942, -20.326010334999978 ], [ -51.112740353999982, -20.313219320999963 ], [ -51.103549383999962, -20.210504257999958 ], [ -51.055870962999961, -20.128452423999931 ], [ -51.04191904299995, -19.679861353999968 ], [ -51.028217471999938, -19.660554359999935 ], [ -50.941218636999963, -19.624462196999957 ], [ -50.979200736999985, -19.419009321999965 ], [ -51.025280810999959, -19.401747188999934 ], [ -51.04386872799995, -19.358246105999967 ], [ -51.139459856999963, -19.349597415999938 ], [ -51.16538989999998, -19.301171139999951 ], [ -51.31521984099993, -19.294586537999976 ], [ -51.333316901999979, -19.250488247999954 ], [ -51.412545674999933, -19.238930619999962 ], [ -51.438371462999953, -19.190641759999949 ], [ -51.642593135999959, -19.185857983999938 ], [ -51.713719872999945, -19.129327219999936 ], [ -51.822742474999984, -19.102951367999935 ], [ -51.908764065999947, -19.032595878999928 ], [ -52.057551874999945, -19.011217659999943 ], [ -52.094587390999948, -18.985395705999963 ], [ -52.145108987999947, -18.913455605999957 ], [ -52.20395317599997, -18.874645183999974 ], [ -52.386065550999945, -18.842902133999928 ], [ -52.406814418999943, -18.789424301999929 ], [ -52.447354362999931, -18.777019129999928 ], [ -52.465327955999953, -18.733997132999946 ], [ -52.508617641999933, -18.719292184999972 ], [ -52.526183184999979, -18.675784290999957 ], [ -52.649089515999947, -18.719840123999973 ], [ -52.744765100999984, -18.725254469999982 ], [ -52.889322008999955, -18.66178645399998 ], [ -52.964931817999968, -18.579921002999981 ], [ -52.918178203999958, -18.543436614999962 ], [ -52.892161688999977, -18.481714113999942 ], [ -52.800826391999976, -18.450342817999967 ], [ -52.785262367999962, -18.33895677199996 ], [ -52.98748315499995, -18.313893590999953 ], [ -53.043449442999986, -18.365822894999951 ], [ -53.102956347999964, -18.359065031999933 ], [ -53.127309787999934, -18.150463598999977 ], [ -53.072775104999948, -18.099346071999946 ], [ -53.076714374999938, -18.079648289999966 ], [ -53.187183747999939, -18.048953091999977 ], [ -53.391553855999973, -18.032588370999974 ], [ -53.447485029999939, -17.96720677199994 ], [ -53.482027485999936, -18.024341693999929 ], [ -53.505545923999932, -18.036192261999929 ], [ -53.626524397999958, -18.044606140999974 ], [ -53.662202088999948, -17.972608163999951 ], [ -53.717381193999984, -18.029793099999949 ], [ -53.797308720999979, -18.045462925999971 ], [ -53.836708975999954, -17.979601645999935 ], [ -53.894811613999934, -17.924575389999973 ], [ -53.98829479799997, -17.899044927999967 ], [ -53.998977279999963, -17.874005183999941 ], [ -53.947073850999971, -17.836825622999982 ], [ -53.86920721599995, -17.683252359999926 ], [ -53.739282231999937, -17.664770975999943 ], [ -53.716075368999952, -17.648898580999969 ], [ -53.699450928999966, -17.273752659999957 ], [ -53.72603623699996, -17.225145672999929 ], [ -53.760945266999954, -17.29131469999993 ], [ -53.878676481999946, -17.420227298999976 ], [ -53.937063542999965, -17.456083143999933 ], [ -54.024712360999956, -17.47853930499997 ], [ -54.048178933999964, -17.562304551999944 ], [ -54.089485803999935, -17.620131799999967 ], [ -54.287323933999971, -17.646810197999969 ], [ -54.35231160099994, -17.70773321799993 ], [ -54.381236330999968, -17.688063206999971 ], [ -54.400277236999955, -17.593412198999943 ], [ -54.509753198999931, -17.46309202499998 ], [ -54.562840703999939, -17.472124760999975 ], [ -54.612039740999933, -17.514285406999932 ], [ -54.743585165999946, -17.531590406999953 ], [ -54.827241206999986, -17.638265443999956 ], [ -55.22045395799995, -17.624996536999959 ], [ -55.374147322999931, -17.532146514999965 ], [ -55.562852799999973, -17.456321858999956 ], [ -55.594869982999967, -17.39845543399997 ], [ -55.660545934999959, -17.358120152999959 ], [ -55.772888500999954, -17.345008734999965 ], [ -55.821573813999976, -17.304705771999977 ], [ -55.948487759999978, -17.289983320999966 ], [ -55.982777774999931, -17.23507662999998 ], [ -56.038876763999951, -17.197371335999946 ], [ -56.132031792999953, -17.181769650999968 ], [ -56.256646147999959, -17.233184879999953 ], [ -56.294661135999945, -17.28541955399993 ], [ -56.382947479999984, -17.308213855999952 ], [ -56.424686338999948, -17.351355180999974 ], [ -56.481103233999931, -17.322076852999942 ], [ -56.527625950999948, -17.353419845999952 ], [ -56.721059895999986, -17.343974523999975 ], [ -56.764019506999944, -17.415907173999926 ], [ -56.846341845999973, -17.503282934999959 ], [ -56.909266940999942, -17.53092873099996 ], [ -56.971076619999963, -17.589278235999927 ], [ -56.995893615999933, -17.690980588999935 ], [ -57.089094011999975, -17.784702699999968 ], [ -57.280722026999968, -17.810814580999931 ], [ -57.327864000999966, -17.845242364999933 ], [ -57.396841539999969, -17.866562762999934 ], [ -57.438486054999942, -17.911063251999963 ], [ -57.521426245999976, -17.863200565999932 ], [ -57.648582403999967, -17.742737405999947 ], [ -57.678277478999973, -17.629560049999952 ], [ -57.727821971999958, -17.567674182999951 ], [ -57.786516055386222, -17.568711794586903 ] ] ] } },
{ "type": "Feature", "properties": { "shapeName": "Rio de Jeneiro", "shapeISO": "BR-RJ", "shapeID": "14911670B85657526756793", "shapeGroup": "BRA", "shapeType": "ADM1", "region": "Southeast" }, "geometry": { "type": "Polygon", "coordinates": [ [ [ -44.737585646999946, -22.39973552999993 ], [ -44.799206072999937, -22.439347939999948 ], [ -44.759088444999975, -22.502301651999971 ], [ -44.739553488999945, -22.600132819999942 ], [ -44.691355509999937, -22.670675023999934 ], [ -44.510211048999963, -22.662239222999972 ], [ -44.454160971999954, -22.623407577999956 ], [ -44.393372187999944, -22.617662543999927 ], [ -44.248914856999932, -22.675030382999978 ], [ -44.241296443999943, -22.736959936999938 ], [ -44.249367364999955, -22.770026955999981 ], [ -44.29823530699997, -22.790688519999946 ], [ -44.310934435999968, -22.89917014599996 ], [ -44.581134776999932, -22.905160157999944 ], [ -44.622892942999954, -22.934838784999954 ], [ -44.766302294999946, -22.965604939999935 ], [ -44.853357480999932, -23.039760197999954 ], [ -44.876539436999963, -23.176252612999974 ], [ -44.92543978499998, -23.259554598999955 ], [ -44.878209714999969, -23.29489450799997 ], [ -44.813196605999963, -23.438952427999936 ], [ -44.780225230999974, -23.436907805999965 ], [ -44.758986972999935, -23.411094026999933 ], [ -44.720243756999935, -23.437726156999929 ], [ -44.682267964999937, -23.437255898999979 ], [ -44.647379282999964, -23.360649360999957 ], [ -44.615399982999975, -23.337239626999974 ], [ -44.614608797999949, -23.292411906999973 ], [ -44.633902172999967, -23.269264506999946 ], [ -44.701936221999972, -23.273667309999951 ], [ -44.747731503999944, -23.232526864999954 ], [ -44.74616752999998, -23.144193227999949 ], [ -44.690894791999938, -23.083262315999946 ], [ -44.373510173999932, -23.102318157999946 ], [ -44.272693576999984, -23.140620814999977 ], [ -44.25135271299996, -23.185972470999957 ], [ -44.170323247999931, -23.190710260999936 ], [ -44.132133797999984, -23.183844822999959 ], [ -44.073351190999972, -23.121002036999982 ], [ -43.884492554999952, -23.131597947999978 ], [ -43.826913485999967, -23.082934099999932 ], [ -43.765669602999935, -23.099078544999941 ], [ -43.69887448399993, -23.082496374999948 ], [ -43.628919301999986, -23.099130891999948 ], [ -43.574417748999963, -23.083440115999963 ], [ -43.496416438999972, -23.10033186499993 ], [ -43.390691907999951, -23.087912074999963 ], [ -43.299316450999981, -23.103923884999972 ], [ -43.262749592999967, -23.133911763999947 ], [ -43.232997694999938, -23.048768023999969 ], [ -43.113130357999978, -23.027988432999962 ], [ -42.982602696999948, -23.045942469999943 ], [ -42.78012364999995, -23.045234099999959 ], [ -42.691403731999969, -23.023620215999983 ], [ -42.674262165999949, -22.981021913999939 ], [ -42.65021638199994, -22.974415338999961 ], [ -42.397470545999965, -22.964322712999945 ], [ -42.320400094999968, -22.98957129799993 ], [ -42.248067866999975, -22.977555108999979 ], [ -42.207003156999974, -23.003859530999932 ], [ -42.164713032999941, -22.997590500999934 ], [ -42.139860453999972, -23.025960054999928 ], [ -42.088770082999929, -23.026750482999944 ], [ -42.065943551999965, -23.005124364999972 ], [ -42.073032498999964, -22.971450390999962 ], [ -42.05206422699996, -22.893839763999949 ], [ -41.945286288999966, -22.806647408999936 ], [ -41.992291475999934, -22.77361289299995 ], [ -42.007362284999942, -22.743785997999964 ], [ -42.032107638999946, -22.605117293999967 ], [ -41.966816018999964, -22.57193930699998 ], [ -41.952056274999961, -22.513336240999934 ], [ -41.885530976999974, -22.484801397999945 ], [ -41.815689922999979, -22.386695495999959 ], [ -41.770351758999936, -22.374659127999962 ], [ -41.602417622999951, -22.277044501999967 ], [ -41.457219652999981, -22.26112455599997 ], [ -41.41923424099997, -22.221116539999969 ], [ -41.320934595999972, -22.212705866999954 ], [ -41.247290546999977, -22.149010788999931 ], [ -41.109487832999946, -22.123766075999981 ], [ -40.992948705999936, -21.995970463999981 ], [ -40.989242174999958, -21.970032318999927 ], [ -41.041833354999937, -21.893244652999954 ], [ -41.041787850999981, -21.67312429499998 ], [ -41.025612505999959, -21.617020130999947 ], [ -41.076305992999949, -21.593153998999981 ], [ -41.081983048999973, -21.528473639999959 ], [ -41.074702893999984, -21.499776022999981 ], [ -40.96927398899993, -21.397200255999962 ], [ -40.96556791699993, -21.343225501999939 ], [ -40.989988652999955, -21.299581884999952 ], [ -41.09017300499994, -21.289604027999928 ], [ -41.133460707999973, -21.241252328999963 ], [ -41.151807420999944, -21.245323736999978 ], [ -41.169894598999974, -21.289406751999934 ], [ -41.245189502999949, -21.293970072999969 ], [ -41.269060266999929, -21.28707015599997 ], [ -41.296313362999967, -21.240215710999962 ], [ -41.549279466999963, -21.237984691999941 ], [ -41.597979257999953, -21.216592465999952 ], [ -41.623236476999978, -21.186860958999944 ], [ -41.77374593199994, -21.180989401999966 ], [ -41.787517081999965, -20.847752664999973 ], [ -41.944320575999939, -20.841429236999943 ], [ -41.964233536999984, -20.901060237999957 ], [ -42.010003693999977, -20.918597468999963 ], [ -42.028448310999977, -20.961904249999975 ], [ -42.168502567999951, -20.965991094999936 ], [ -42.191756405999968, -20.979379187999939 ], [ -42.191583608999963, -21.043126146999953 ], [ -42.160725079999963, -21.110668607999969 ], [ -42.228270001999931, -21.19336315299995 ], [ -42.237164749999977, -21.28354190899995 ], [ -42.288511097999958, -21.307624035999936 ], [ -42.292052345999934, -21.432987579999974 ], [ -42.308835074999934, -21.483663194999963 ], [ -42.288966474999938, -21.562066021999954 ], [ -42.368851588999974, -21.602625101999934 ], [ -42.402543839999964, -21.64675747299998 ], [ -42.38683027899998, -21.667393133999951 ], [ -42.290313156999957, -21.689937508999947 ], [ -42.307576435999977, -21.755562285999929 ], [ -42.390965598999969, -21.775667845999976 ], [ -42.429993277999984, -21.811804876999929 ], [ -42.541665111999976, -21.831983278999928 ], [ -42.598428874999968, -21.889579520999973 ], [ -42.800974118999932, -21.938634772999933 ], [ -42.834988559999942, -21.972714054999983 ], [ -42.918014493999976, -21.99279516699994 ], [ -42.958366005999949, -22.03528360599995 ], [ -43.05737137899996, -22.058109031999948 ], [ -43.082030474999954, -22.086324521999927 ], [ -43.139501926999969, -22.096400395999979 ], [ -43.16883099699993, -22.144727666999927 ], [ -43.223345571999971, -22.136479118999944 ], [ -43.21876561199997, -22.077022086999932 ], [ -43.319896738999944, -22.038440025999932 ], [ -43.425714261999985, -22.037060762999943 ], [ -43.47266362299996, -22.086904110999967 ], [ -43.834011367999949, -22.097132517999967 ], [ -43.903602475999946, -22.138744113999962 ], [ -43.99344220699993, -22.153432193999947 ], [ -44.056930894999937, -22.232787515999973 ], [ -44.173157646999982, -22.24010743599996 ], [ -44.198811169999942, -22.287694395999949 ], [ -44.398327752999933, -22.291408635999971 ], [ -44.425841817999981, -22.338244801999963 ], [ -44.44738644399996, -22.344101408999961 ], [ -44.471496130999981, -22.334881250999956 ], [ -44.484219555999971, -22.296219987999962 ], [ -44.515625917999955, -22.29094822899998 ], [ -44.542737478999982, -22.336920474999943 ], [ -44.585890976999963, -22.351414486999943 ], [ -44.604138724999984, -22.394334154999967 ], [ -44.737585646999946, -22.39973552999993 ] ] ] } },
{ "type": "Feature", "properties": { "shapeName": "Sao Paulo", "shapeISO": "BR-SP", "shapeID": "14911670B46470234103867", "shapeGroup": "BRA", "shapeType": "ADM1", "region": "Southeast" }, "geometry": { "type": "Polygon", "coordinates": [ [ [ -50.893010264999987, -20.024445667999942 ], [ -51.050830561999931, -20.029622978999953 ], [ -51.058583133999946, -20.145131895999953 ], [ -51.103549383999962, -20.210504257999958 ], [ -51.117456173999983, -20.320827711999982 ], [ -51.232840301999943, -20.32957718199998 ], [ -51.255802302999939, -20.356415899999945 ], [ -51.282802067999967, -20.357483410999976 ], [ -51.363787489999936, -20.40539098499994 ], [ -51.469260381999959, -20.520330332999947 ], [ -51.499288172999968, -20.601978460999931 ], [ -51.579702951999934, -20.635550285999955 ], [ -51.658228322999946, -20.69563891699994 ], [ -51.655843128999948, -20.981757945999959 ], [ -51.754071156999942, -21.024176169999976 ], [ -51.785459437999975, -21.113353002999929 ], [ -51.879898974999946, -21.20092283799994 ], [ -51.90049457799995, -21.376131318999967 ], [ -51.940513575999944, -21.423837909999975 ], [ -51.961912321999932, -21.530775096999946 ], [ -52.125011767999979, -21.567818044999967 ], [ -52.071202958999947, -21.676023022999971 ], [ -52.178295067999954, -21.797156653999934 ], [ -52.251980308999975, -21.913010843999928 ], [ -52.322972498999945, -21.955227256999933 ], [ -52.365074794999941, -22.100347297999974 ], [ -52.432016163999947, -22.172417131999964 ], [ -52.502617165999936, -22.211992928999962 ], [ -52.534249705999969, -22.262551464999945 ], [ -52.703941116999943, -22.338537622999979 ], [ -52.784831069999939, -22.416815332999931 ], [ -52.849794337999981, -22.444191555999964 ], [ -52.88503160199997, -22.47805324899997 ], [ -52.974391319999938, -22.499414965999961 ], [ -53.061280326999963, -22.548180506999927 ], [ -53.133801347999963, -22.646716144999971 ], [ -53.087172620999979, -22.665124024999955 ], [ -53.057730069999934, -22.655362457999956 ], [ -53.020122486999981, -22.608304287999943 ], [ -52.85760507599997, -22.606421007999927 ], [ -52.818775375999962, -22.613512101999959 ], [ -52.797817512999984, -22.662880066999946 ], [ -52.777581237999982, -22.672861535999971 ], [ -52.681662623999955, -22.658484856999962 ], [ -52.621175450999942, -22.612818140999934 ], [ -52.591439925999964, -22.62250241299995 ], [ -52.541345849999971, -22.674352368999962 ], [ -52.203857592999952, -22.662967273999982 ], [ -52.172832212999936, -22.648086776999946 ], [ -52.152194433999966, -22.562977453999963 ], [ -52.123940003999962, -22.557146916999955 ], [ -52.052368767999951, -22.572830281999927 ], [ -51.902018877999978, -22.65849306299998 ], [ -51.711002663999977, -22.707157024999958 ], [ -51.699145702999942, -22.737306617999934 ], [ -51.523328403999983, -22.713432089999969 ], [ -51.482239727999968, -22.672151103999965 ], [ -51.440832804999957, -22.714093158999958 ], [ -51.307665616999941, -22.730154044999949 ], [ -51.232875662999959, -22.768132334999962 ], [ -51.119236444999956, -22.786021048999942 ], [ -51.060971814999959, -22.828204341999935 ], [ -50.94548894199994, -22.834184053999934 ], [ -50.896740547999968, -22.889704865999931 ], [ -50.827995542999986, -22.91750512699997 ], [ -50.801595602999953, -23.02857352999996 ], [ -50.663830272999974, -22.961054414999978 ], [ -50.552224320999983, -22.95771388199995 ], [ -50.497767838999948, -22.973548120999965 ], [ -50.430437992999941, -22.956572664999953 ], [ -50.290426314999934, -22.965435557999967 ], [ -50.251544175999982, -23.028637780999929 ], [ -50.226897541999961, -23.017932708999979 ], [ -50.191493580999975, -22.965447863999941 ], [ -50.043360421999978, -22.962120411999933 ], [ -49.99160453199994, -23.021776471999942 ], [ -49.932374395999943, -23.045215955999936 ], [ -49.906803385999979, -23.122870426999953 ], [ -49.781970389999969, -23.146330360999968 ], [ -49.722682756999973, -23.214812847999951 ], [ -49.698932232999937, -23.361517202999948 ], [ -49.662377935999984, -23.417440352999961 ], [ -49.650446945999931, -23.490364444999955 ], [ -49.654356274999941, -23.514939198999969 ], [ -49.705902614999957, -23.554893282999956 ], [ -49.657679755999936, -23.604463408999948 ], [ -49.639789482999959, -23.737397063999936 ], [ -49.595410864999963, -23.834962075999954 ], [ -49.646636143999956, -23.921601110999973 ], [ -49.579730599999948, -24.03331512099993 ], [ -49.484230896999975, -24.112661516999935 ], [ -49.45260213399996, -24.163984687999971 ], [ -49.369395891999943, -24.197503954999945 ], [ -49.404412585999978, -24.223138529999972 ], [ -49.414879354999982, -24.259839474999978 ], [ -49.330530260999979, -24.320599423999965 ], [ -49.291666586999952, -24.395912176999957 ], [ -49.323288142999957, -24.592426582999963 ], [ -49.367008890999955, -24.636809175999929 ], [ -49.374957411999958, -24.710764092999966 ], [ -48.649882665999939, -24.733579169999928 ], [ -48.572507366999957, -24.83813301999993 ], [ -48.631662922999965, -24.883318836999933 ], [ -48.629185827999947, -25.12164450299997 ], [ -48.522572518999937, -25.124764684999946 ], [ -48.514379919999953, -25.041709322999964 ], [ -48.496868642999971, -25.024861101999932 ], [ -48.465313644999981, -25.030155111999932 ], [ -48.438339807999967, -25.076084649999927 ], [ -48.290927845999931, -25.063606596999932 ], [ -48.227946618999965, -25.299512294999943 ], [ -48.138876460999938, -25.310531363999928 ], [ -48.103666793999935, -25.340237194999929 ], [ -48.034708667999951, -25.301151212999969 ], [ -48.01972441199996, -25.202425274999939 ], [ -47.977178297999956, -25.164716867999971 ], [ -47.953393833999939, -25.073729230999959 ], [ -47.854550173999939, -25.004826259999959 ], [ -47.785474429999965, -24.91739089899994 ], [ -47.703167686999961, -24.845587800999965 ], [ -47.511621400999957, -24.789876154999945 ], [ -47.493448181999952, -24.765775824999935 ], [ -47.453415741999947, -24.752984769999955 ], [ -47.447361602999933, -24.722806053999932 ], [ -47.349274602999969, -24.666281006999952 ], [ -47.277202948999957, -24.585880405999944 ], [ -47.121480641999938, -24.501193611999952 ], [ -46.980284421999954, -24.292271992999929 ], [ -46.894450272999961, -24.269089109999982 ], [ -46.848066297999935, -24.229831826999941 ], [ -46.769582971999967, -24.240949039999975 ], [ -46.70452497399998, -24.190107544999933 ], [ -46.609069915999953, -24.167610237999952 ], [ -46.533712647999948, -24.098487292999948 ], [ -46.510598035999976, -24.050004096999942 ], [ -46.443104535999964, -24.050595567999949 ], [ -46.417446677999976, -24.07797968899996 ], [ -46.356467970999972, -24.051162344999966 ], [ -46.261774978999938, -24.062232212999959 ], [ -46.247884055999975, -23.95078260799994 ], [ -46.201624594999942, -23.933831880999946 ], [ -46.183080699999948, -23.891672301999961 ], [ -46.11987778699995, -23.899166910999952 ], [ -46.048577938999983, -23.852250333999962 ], [ -45.687304095999934, -23.85272759999998 ], [ -45.636836162999941, -23.900895530999946 ], [ -45.591984275999948, -23.912774390999971 ], [ -45.523585111999978, -23.988761584999963 ], [ -45.482549762999952, -24.009149915999956 ], [ -45.317487485999948, -23.986946469999964 ], [ -45.240873355999952, -23.87918639399993 ], [ -45.240704240999946, -23.84061378399997 ], [ -45.339022825999962, -23.768149178999977 ], [ -45.443480663999935, -23.740236222999954 ], [ -45.44639813699996, -23.715628158999948 ], [ -45.39843764799997, -23.675753889999953 ], [ -45.286870549999946, -23.669576731999939 ], [ -45.270302527999945, -23.591588075999937 ], [ -45.23109085599998, -23.596497846999966 ], [ -45.161762883999984, -23.542682225999954 ], [ -45.049723856999947, -23.505851373999974 ], [ -45.032335423999939, -23.458780269999977 ], [ -44.97151299899997, -23.415615225999943 ], [ -44.977339509999979, -23.377710453999953 ], [ -44.952070660999937, -23.390038802999982 ], [ -44.938074675999985, -23.434423917999936 ], [ -44.900280485999986, -23.454635336999957 ], [ -44.861068198999931, -23.457454566999957 ], [ -44.834709086999965, -23.438872108999931 ], [ -44.831293517999939, -23.378654988999983 ], [ -44.878209714999969, -23.29489450799997 ], [ -44.925416919999975, -23.255726777999939 ], [ -44.876539436999963, -23.176252612999974 ], [ -44.85612191499996, -23.043894744999932 ], [ -44.775885637999977, -22.971585991999973 ], [ -44.622892942999954, -22.934838784999954 ], [ -44.573046301999966, -22.903632870999957 ], [ -44.310934435999968, -22.89917014599996 ], [ -44.296391386999971, -22.786657500999979 ], [ -44.244767901999978, -22.762754352999934 ], [ -44.248914856999932, -22.675030382999978 ], [ -44.388704550999933, -22.618540769999981 ], [ -44.454160971999954, -22.623407577999956 ], [ -44.510211048999963, -22.662239222999972 ], [ -44.691355509999937, -22.670675023999934 ], [ -44.739553488999945, -22.600132819999942 ], [ -44.779101183999956, -22.469010735999973 ], [ -44.815832581999985, -22.437638011999979 ], [ -44.875168972999973, -22.438919510999938 ], [ -44.908349004999934, -22.44522914099997 ], [ -44.953086668999958, -22.481211093999946 ], [ -45.162333927999953, -22.498640567999928 ], [ -45.231194651999942, -22.602251459999934 ], [ -45.318083533999982, -22.624819780999928 ], [ -45.37859595499998, -22.667346423999959 ], [ -45.443679151999959, -22.673440183999958 ], [ -45.549632497999937, -22.653576160999933 ], [ -45.589052652999953, -22.665171940999983 ], [ -45.637350126999934, -22.651949521999938 ], [ -45.706420931999958, -22.667241277999949 ], [ -45.748387707999939, -22.621131605999949 ], [ -45.770454896999979, -22.617170589999944 ], [ -45.809436895999966, -22.717442662999929 ], [ -45.861976027999958, -22.764710745999935 ], [ -45.852089074999981, -22.790258388999973 ], [ -45.790180573999976, -22.801725820999934 ], [ -45.793457699999976, -22.844318021999982 ], [ -45.870199956999954, -22.852447783999935 ], [ -45.870489146999944, -22.879431229999966 ], [ -45.910361010999964, -22.899458092999964 ], [ -46.042464988999939, -22.904648231999943 ], [ -46.085775545999979, -22.93541810499994 ], [ -46.147682599999939, -22.95081543699996 ], [ -46.177666572999954, -22.95056954699993 ], [ -46.215309520999938, -22.910880612999961 ], [ -46.259657990999983, -22.904729877999955 ], [ -46.345057103999977, -22.90936004699995 ], [ -46.396402816999966, -22.952844343999971 ], [ -46.419824489999939, -22.811174987999948 ], [ -46.509824651999963, -22.784665651999944 ], [ -46.525721240999985, -22.765508207999972 ], [ -46.463231700999984, -22.714055562999931 ], [ -46.487388758999941, -22.569505309999954 ], [ -46.581808285999955, -22.498723715999972 ], [ -46.669073807999951, -22.475846527999977 ], [ -46.739457271999981, -22.397464610999975 ], [ -46.73654357199996, -22.261667832999933 ], [ -46.662013299999956, -22.191602659999944 ], [ -46.67197817999994, -22.16823037599994 ], [ -46.725424755999938, -22.161120457999971 ], [ -46.739338007999947, -22.145295975999943 ], [ -46.737796933999959, -22.069237286999964 ], [ -46.688516985999968, -22.048517532999938 ], [ -46.681609667999965, -22.02289051799994 ], [ -46.704596654999932, -21.923612740999943 ], [ -46.73612435299998, -21.900373226999932 ], [ -46.739138992999983, -21.874120136999977 ], [ -46.692623826999977, -21.81158745099998 ], [ -46.668388472999936, -21.722598683999934 ], [ -46.577914989999954, -21.65987158799993 ], [ -46.568084793999958, -21.52019637899997 ], [ -46.593437122999944, -21.496609120999949 ], [ -46.65630433299998, -21.488096763999977 ], [ -46.693719376999979, -21.432848474999957 ], [ -46.725234598999975, -21.424603010999931 ], [ -46.918010649999985, -21.417269652999948 ], [ -47.004080571999964, -21.490496047999954 ], [ -47.068334209999932, -21.484844361999933 ], [ -47.088269550999939, -21.433656177999978 ], [ -47.039534157999981, -21.413703912999949 ], [ -47.034911829999942, -21.380215092999947 ], [ -47.083811219999973, -21.359573120999983 ], [ -47.136587241999962, -21.299843153999973 ], [ -47.160894063999933, -21.218549448999966 ], [ -47.197225033999985, -21.186683400999982 ], [ -47.217336134999982, -21.022390877999953 ], [ -47.271282263999979, -20.925398519999931 ], [ -47.235460673999967, -20.803900552999949 ], [ -47.151421695999943, -20.719058484999948 ], [ -47.135722488999932, -20.661440515999971 ], [ -47.237225934999969, -20.524910015999978 ], [ -47.303876009999954, -20.461289312999952 ], [ -47.286742797999977, -20.365289426999936 ], [ -47.288682910999967, -20.175612593999972 ], [ -47.360547895999957, -20.15618647499997 ], [ -47.441599803999964, -20.101560952999932 ], [ -47.48996924599993, -20.031396256999983 ], [ -47.539692181999953, -20.000110752999944 ], [ -47.561776275999932, -19.998921372999973 ], [ -47.592695599999956, -20.03772980399998 ], [ -47.674313273999985, -20.068809449999947 ], [ -47.71714620299997, -20.058929003999936 ], [ -47.752870549999955, -20.017981116999977 ], [ -47.791128341999979, -20.049568657999941 ], [ -47.920515997999985, -20.055793043999927 ], [ -47.933337721999976, -20.148977487999957 ], [ -47.949751505999984, -20.161716929999955 ], [ -47.981480141999953, -20.156270853999956 ], [ -47.994041935999974, -20.098006228999964 ], [ -48.018299398999943, -20.088514550999946 ], [ -48.039994097999966, -20.094519937999962 ], [ -48.051939586999936, -20.152187296999955 ], [ -48.072878112999945, -20.16188428199996 ], [ -48.18870282599994, -20.159605301999932 ], [ -48.211473900999977, -20.113162505999981 ], [ -48.232981393999978, -20.107175300999927 ], [ -48.254486518999954, -20.113158263999935 ], [ -48.266746087999934, -20.151959599999941 ], [ -48.287656688999959, -20.161563680999961 ], [ -48.605911206999963, -20.163751170999944 ], [ -48.650447062999945, -20.173744952999982 ], [ -48.703198574999931, -20.211327583999946 ], [ -48.789591958999949, -20.182723858999964 ], [ -48.890132776999963, -20.22585123999994 ], [ -48.955037584999957, -20.286385026999938 ], [ -48.957884196999942, -20.303415142999938 ], [ -48.911803205999945, -20.350336037999966 ], [ -48.907599197999957, -20.380867973999955 ], [ -48.920089670999971, -20.452744812999981 ], [ -48.963318750999974, -20.465093005999961 ], [ -48.994635169999981, -20.44275222999994 ], [ -49.012405481999963, -20.227987668999958 ], [ -49.027401660999942, -20.194548210999983 ], [ -49.082267280999986, -20.164753287999929 ], [ -49.107224293999934, -20.166829259999929 ], [ -49.167308207999952, -20.263487262999945 ], [ -49.186456815999975, -20.357418244999963 ], [ -49.209405515999947, -20.332470936999982 ], [ -49.266397545999951, -20.322896214999957 ], [ -49.326567897999951, -20.203196617999936 ], [ -49.33998666399998, -20.11146821799997 ], [ -49.332600198999955, -20.08335539899997 ], [ -49.282567810999979, -20.049910526999952 ], [ -49.276975924999931, -20.012023762999945 ], [ -49.33250851899993, -19.995895597999947 ], [ -49.378577861999986, -20.048133310999958 ], [ -49.495158946999936, -19.988290124999935 ], [ -49.550281214999984, -19.94164804299993 ], [ -49.64583829299994, -19.932394339999973 ], [ -49.68608261199995, -20.014619834999962 ], [ -49.794695744999956, -19.968085970999937 ], [ -49.919737138999949, -19.995756771999936 ], [ -49.962083756999959, -19.932212070999981 ], [ -50.358697275999987, -19.884955772999945 ], [ -50.412836939999977, -19.861095391999982 ], [ -50.448996070999954, -19.820886156999961 ], [ -50.568821580999952, -19.809509512999966 ], [ -50.592116828999963, -19.81699852099996 ], [ -50.673961305999967, -19.912030949999973 ], [ -50.783865980999963, -19.932528434999938 ], [ -50.893010264999987, -20.024445667999942 ] ] ] } },
{ "type": "Feature", "properties": { "shapeName": "Parana", "shapeISO": "BR-PR", "shapeID": "14911670B30315977547221", "shapeGroup": "BRA", "shapeType": "ADM1", "region": "South" }, "geometry": { "type": "Polygon", "coordinates": [ [ [ -54.251202650999971, -24.077127504999964 ], [ -54.327486934999968, -24.071915340999965 ], [ -54.342887166999958, -24.090731343999948 ], [ -54.328372148999961, -24.236360931999968 ], [ -54.312314602999948, -24.27202548799994 ], [ -54.259607751999965, -24.303547647999949 ], [ -54.255864121999934, -24.32150100399997 ], [ -54.277033464999931, -24.412150207999957 ], [ -54.327947864999942, -24.450479303999941 ], [ -54.301170026999955, -24.503510035999966 ], [ -54.329349837999985, -24.546030682999969 ], [ -54.33376790799997, -24.694381010999962 ], [ -54.365507456999978, -24.731995716999961 ], [ -54.37484769699995, -24.784523874999934 ], [ -54.414585800999987, -24.821763450999981 ], [ -54.445758656999942, -24.89633581399994 ], [ -54.451995566999983, -24.999147754999967 ], [ -54.50081294499995, -25.065935945999968 ], [ -54.467582961999938, -25.143644345999974 ], [ -54.50543939399995, -25.23683140299994 ], [ -54.493063749999976, -25.319096823999928 ], [ -54.51313614299994, -25.336607863999973 ], [ -54.539811547999932, -25.332282410999937 ], [ -54.572480946999974, -25.388423835999959 ], [ -54.621267807999971, -25.408570009999949 ], [ -54.619616165999958, -25.614853090999929 ], [ -54.497958857999947, -25.663841591999983 ], [ -54.482294116999981, -25.702968348999946 ], [ -54.461200400999985, -25.711991755999975 ], [ -54.382114631999968, -25.708458714999949 ], [ -54.379007936999983, -25.682912793999947 ], [ -54.336737162999952, -25.64425558399995 ], [ -54.210099194999941, -25.641446289999976 ], [ -54.037203935999969, -25.660965037999972 ], [ -54.009005400999968, -25.706570788999954 ], [ -53.937588691999963, -25.696992941999952 ], [ -53.894127198999968, -25.713859688999946 ], [ -53.879226174999985, -25.892248762999941 ], [ -53.830309936999981, -25.91415120399995 ], [ -53.881091958999946, -25.943252447999953 ], [ -53.847825282999963, -26.08077611799996 ], [ -53.831610288999968, -26.106424622999953 ], [ -53.772984487999963, -26.137557454999978 ], [ -53.778077973999984, -26.196925356999941 ], [ -53.707190253999954, -26.206304600999943 ], [ -53.676741272999948, -26.225571103999982 ], [ -53.681885310999974, -26.301368571999944 ], [ -53.547414577999973, -26.292936556999962 ], [ -53.520881457999963, -26.337137356999961 ], [ -53.504237534999959, -26.297801586999981 ], [ -53.481676343999936, -26.321510613999976 ], [ -53.437442051999938, -26.325321246999977 ], [ -53.418660853999938, -26.316431759999944 ], [ -53.405839687999958, -26.279628102999936 ], [ -53.345881368999983, -26.281498102999933 ], [ -53.328617181999959, -26.318877460999943 ], [ -53.261865029999967, -26.33162178699996 ], [ -53.221634242999983, -26.368762122999954 ], [ -53.153539016999957, -26.390860065999959 ], [ -53.117299063999951, -26.432659654999952 ], [ -52.948255972999959, -26.423018776999982 ], [ -52.794431284999973, -26.376440387999935 ], [ -52.677510101999985, -26.428503291999959 ], [ -52.604177829999969, -26.442301694999969 ], [ -52.536612014999946, -26.435465872999941 ], [ -52.488897958999985, -26.475824551999949 ], [ -52.249860306999949, -26.49326575799995 ], [ -52.16865417799994, -26.544169229999966 ], [ -52.10380190799998, -26.562474486999974 ], [ -52.069820510999932, -26.595227247999958 ], [ -51.99950926799994, -26.609973349999962 ], [ -51.97075693499994, -26.638687578999964 ], [ -51.851778435999961, -26.638826706999964 ], [ -51.708826484999975, -26.601546590999931 ], [ -51.654241915999933, -26.648095001999934 ], [ -51.531071395999959, -26.661701328999982 ], [ -51.50645654799996, -26.725302209999938 ], [ -51.345238375999941, -26.726505473999964 ], [ -51.286918570999944, -26.629490985999951 ], [ -51.288476049999986, -26.51879243999997 ], [ -51.321781450999936, -26.490936770999951 ], [ -51.323507685999971, -26.44932304699995 ], [ -51.220077281999977, -26.33938074699995 ], [ -51.17865364499994, -26.325620206999929 ], [ -51.101873836999971, -26.336925583999971 ], [ -51.039009021999959, -26.27565634399997 ], [ -50.981466864999959, -26.305900564999945 ], [ -50.913355235999973, -26.307082280999964 ], [ -50.862688952999974, -26.272260304999975 ], [ -50.755932667999957, -26.245239476999927 ], [ -50.708174759999963, -26.161857786999974 ], [ -50.630418763999955, -26.100175548999971 ], [ -50.475581486999943, -26.106285740999965 ], [ -50.424467332999939, -26.150840351999932 ], [ -50.344030276999945, -26.096303520999982 ], [ -50.241965852999954, -26.132477308999967 ], [ -50.171956987999977, -26.092489647999969 ], [ -49.929546930999948, -26.105814643999963 ], [ -49.829747085999941, -26.19079273899996 ], [ -49.681505719999961, -26.259558881999965 ], [ -49.570649725999942, -26.249098057999959 ], [ -49.525955232999934, -26.213193199999978 ], [ -49.443594060999942, -26.19255439799997 ], [ -49.40883785799997, -26.160604975999945 ], [ -49.331744534999984, -26.142409264999969 ], [ -49.232615463999934, -26.043399101999967 ], [ -49.176057177999951, -26.053530183999953 ], [ -49.135200700999974, -26.099598433999972 ], [ -49.038005849999934, -26.050612232999981 ], [ -48.775214915999982, -26.046745949999945 ], [ -48.697651012999984, -26.071919346999948 ], [ -48.637409398999978, -26.036442800999964 ], [ -48.629132670999979, -25.94805047899996 ], [ -48.609294765999948, -25.91608105399996 ], [ -48.577199358999962, -25.908866044999968 ], [ -48.511202493999974, -25.738917298999979 ], [ -48.446747512999934, -25.681003053999973 ], [ -48.364027189999945, -25.66872094699994 ], [ -48.342411847999983, -25.629014699999971 ], [ -48.335743912999931, -25.544810143999939 ], [ -48.249484245999952, -25.495242223999981 ], [ -48.17918461499994, -25.369475142999931 ], [ -48.127629093999985, -25.330074386999968 ], [ -48.138876460999938, -25.310531363999928 ], [ -48.234588748999954, -25.293753142999947 ], [ -48.290927845999931, -25.063606596999932 ], [ -48.438339807999967, -25.076084649999927 ], [ -48.465313644999981, -25.030155111999932 ], [ -48.496868642999971, -25.024861101999932 ], [ -48.514379919999953, -25.041709322999964 ], [ -48.522572518999937, -25.124764684999946 ], [ -48.62654116799996, -25.124950467999952 ], [ -48.631662922999965, -24.883318836999933 ], [ -48.572507366999957, -24.83813301999993 ], [ -48.649882665999939, -24.733579169999928 ], [ -49.374957411999958, -24.710764092999966 ], [ -49.367008890999955, -24.636809175999929 ], [ -49.323288142999957, -24.592426582999963 ], [ -49.291666586999952, -24.395912176999957 ], [ -49.330530260999979, -24.320599423999965 ], [ -49.414879354999982, -24.259839474999978 ], [ -49.404412585999978, -24.223138529999972 ], [ -49.369395891999943, -24.197503954999945 ], [ -49.45260213399996, -24.163984687999971 ], [ -49.484230896999975, -24.112661516999935 ], [ -49.579730599999948, -24.03331512099993 ], [ -49.646636143999956, -23.921601110999973 ], [ -49.595410864999963, -23.834962075999954 ], [ -49.639789482999959, -23.737397063999936 ], [ -49.657679755999936, -23.604463408999948 ], [ -49.705902614999957, -23.554893282999956 ], [ -49.654356274999941, -23.514939198999969 ], [ -49.650446945999931, -23.490364444999955 ], [ -49.662377935999984, -23.417440352999961 ], [ -49.698932232999937, -23.361517202999948 ], [ -49.722682756999973, -23.214812847999951 ], [ -49.781970389999969, -23.146330360999968 ], [ -49.906803385999979, -23.122870426999953 ], [ -49.935443620999934, -23.041704640999967 ], [ -49.99160453199994, -23.021776471999942 ], [ -50.052484839999977, -22.959006052999939 ], [ -50.191493580999975, -22.965447863999941 ], [ -50.226897541999961, -23.017932708999979 ], [ -50.251544175999982, -23.028637780999929 ], [ -50.29485445399996, -22.964714024999978 ], [ -50.430437992999941, -22.956572664999953 ], [ -50.497767838999948, -22.973548120999965 ], [ -50.552224320999983, -22.95771388199995 ], [ -50.669952361999947, -22.961596759999964 ], [ -50.801595602999953, -23.02857352999996 ], [ -50.827995542999986, -22.91750512699997 ], [ -50.896740547999968, -22.889704865999931 ], [ -50.941387335999934, -22.836311516999956 ], [ -51.060971814999959, -22.828204341999935 ], [ -51.119236444999956, -22.786021048999942 ], [ -51.232875662999959, -22.768132334999962 ], [ -51.307665616999941, -22.730154044999949 ], [ -51.440832804999957, -22.714093158999958 ], [ -51.482239727999968, -22.672151103999965 ], [ -51.523328403999983, -22.713432089999969 ], [ -51.696409223999979, -22.737845867999965 ], [ -51.711002663999977, -22.707157024999958 ], [ -51.902018877999978, -22.65849306299998 ], [ -52.057468915999948, -22.57051090899995 ], [ -52.129727638999952, -22.556753382999943 ], [ -52.154620683999951, -22.566833481999936 ], [ -52.175272210999935, -22.652262518999976 ], [ -52.209896177999951, -22.663432501999978 ], [ -52.541345849999971, -22.674352368999962 ], [ -52.591439925999964, -22.62250241299995 ], [ -52.621175450999942, -22.612818140999934 ], [ -52.681662623999955, -22.658484856999962 ], [ -52.777581237999982, -22.672861535999971 ], [ -52.797817512999984, -22.662880066999946 ], [ -52.825045629999977, -22.609667287999969 ], [ -53.020122486999981, -22.608304287999943 ], [ -53.066323090999958, -22.660190550999971 ], [ -53.146586418999959, -22.661962741999957 ], [ -53.209316322999939, -22.755254695999952 ], [ -53.344834032999984, -22.762504650999972 ], [ -53.364843202999964, -22.816149457999927 ], [ -53.425411890999953, -22.873248459999957 ], [ -53.514892096999972, -22.893592788999968 ], [ -53.547085323999966, -22.929965783999933 ], [ -53.619432062999977, -22.956557345999954 ], [ -53.64665582899994, -23.046926839999969 ], [ -53.650277069999959, -23.159144703999971 ], [ -53.703621674999965, -23.22638195299993 ], [ -53.710744785999964, -23.341759415999945 ], [ -53.777043376999984, -23.358030823999968 ], [ -53.791488981999976, -23.39898915699996 ], [ -53.867158077999932, -23.445787830999961 ], [ -53.993911968999953, -23.477632944999982 ], [ -54.029257796999957, -23.532249376999971 ], [ -54.046972816999983, -23.707379611999954 ], [ -54.087713131999976, -23.793546581999976 ], [ -54.111479840999948, -23.964336364999951 ], [ -54.251202650999971, -24.077127504999964 ] ] ] } },
{ "type": "Feature", "properties": { "shapeName": "Santa Catarina", "shapeISO": "BR-SC", "shapeID": "14911670B90188072957077", "shapeGroup": "BRA", "shapeType": "ADM1", "region": "South" }, "geometry": { "type": "Polygon", "coordinates": [ [ [ -53.657770531813796, -26.294594592743099 ], [ -53.723916721999956, -26.391358723999929 ], [ -53.727605546999939, -26.482569200999933 ], [ -53.763078944999961, -26.585349779999945 ], [ -53.766905195999982, -26.675148554999964 ], [ -53.782919137999954, -26.709934153999939 ], [ -53.778489509999986, -26.778957421999962 ], [ -53.726203130999977, -26.884143810999944 ], [ -53.729590392999967, -26.997750937999967 ], [ -53.80172042099997, -27.088705897999944 ], [ -53.754513990999953, -27.19279377099997 ], [ -53.486292354999932, -27.195213955999975 ], [ -53.433670576999987, -27.170751782999957 ], [ -53.391282819999958, -27.109770615999935 ], [ -53.287468044999969, -27.193720660999929 ], [ -53.199802525999985, -27.195695515999944 ], [ -53.168701126999963, -27.16605051199997 ], [ -53.136216573999945, -27.164527943999929 ], [ -53.105884616999958, -27.194188252999936 ], [ -53.015427059999979, -27.200241436999931 ], [ -53.016492294999978, -27.227817656999946 ], [ -52.995873005999954, -27.245585097999935 ], [ -52.84167492399996, -27.256178688999967 ], [ -52.764948574999949, -27.286590763999982 ], [ -52.730898474999947, -27.334957352999936 ], [ -52.699643368999944, -27.330021489999979 ], [ -52.687371310999936, -27.293287969999938 ], [ -52.666802105999977, -27.284228991999953 ], [ -52.477505268999948, -27.284926582999958 ], [ -52.450415310999972, -27.329578679999941 ], [ -52.402263354999945, -27.336898527999949 ], [ -52.351420708999967, -27.331958776999954 ], [ -52.325468328999932, -27.285851504999982 ], [ -52.238661361999959, -27.285807979999959 ], [ -52.212723384999947, -27.331430431999934 ], [ -52.155586376999963, -27.339245448999975 ], [ -51.995957425999961, -27.410968372999946 ], [ -51.959653664999962, -27.557649009999977 ], [ -51.867859103999933, -27.558720426999969 ], [ -51.845031240999958, -27.514733502999945 ], [ -51.823511073999953, -27.509067334999941 ], [ -51.802000326999973, -27.514713238999946 ], [ -51.779220510999949, -27.558499452999968 ], [ -51.633716505999985, -27.563143152999942 ], [ -51.607822839999983, -27.608517902999949 ], [ -51.524801305999972, -27.618254198999978 ], [ -51.474927952999963, -27.67563292799997 ], [ -51.393879648999985, -27.698805902999936 ], [ -51.334925186999953, -27.798980900999936 ], [ -51.243479423999986, -27.805296079999948 ], [ -51.217368700999941, -27.850267844999962 ], [ -51.137445930999945, -27.860477510999942 ], [ -51.124241118999976, -27.969511187999956 ], [ -51.028858336999974, -27.977790833999961 ], [ -51.002306960999931, -28.004859401999965 ], [ -50.961972048999939, -28.015764597999976 ], [ -50.950713783999959, -28.138187645999949 ], [ -50.904256614999952, -28.154206705999968 ], [ -50.88866068699997, -28.196265963999963 ], [ -50.733844551999937, -28.313143087999947 ], [ -50.700022653999952, -28.386867495999979 ], [ -50.617511716999957, -28.416929572999948 ], [ -50.593580269999961, -28.487571661999937 ], [ -50.199865674999955, -28.491498375999981 ], [ -50.179088715999967, -28.50047511899993 ], [ -50.166827772999966, -28.536785872999928 ], [ -50.145319334999954, -28.542380156999968 ], [ -50.123802136999984, -28.536770438999952 ], [ -50.10538435199993, -28.49491412499998 ], [ -50.030197068999939, -28.490704310999945 ], [ -49.966063169999984, -28.540491881999969 ], [ -49.790851768999971, -28.548252652999963 ], [ -49.76528424299994, -28.612431615999981 ], [ -49.771096804999956, -28.673692913999957 ], [ -49.87143829799993, -28.68328022999998 ], [ -49.904010773999971, -28.758525377999945 ], [ -49.996839640999951, -28.777647498999954 ], [ -49.999938821999933, -28.913940171999968 ], [ -50.018267267999931, -28.966216474999953 ], [ -50.001161132999982, -29.090547213999969 ], [ -50.054830061999951, -29.119825635999973 ], [ -50.061258652999982, -29.234227788999931 ], [ -50.223427563999962, -29.246442161999937 ], [ -50.234414025999968, -29.29634863299998 ], [ -50.219101455999976, -29.326552962999983 ], [ -50.181739328999981, -29.322625426999934 ], [ -50.148551495999982, -29.281965369999966 ], [ -50.011581742999965, -29.261783069999979 ], [ -49.83805779599993, -29.33497883299998 ], [ -49.794117823999954, -29.375586104999968 ], [ -49.755138303999956, -29.37542194599996 ], [ -49.756001913999967, -29.333511157999965 ], [ -49.71696407099995, -29.323597725999946 ], [ -49.689419907999934, -29.274776767999981 ], [ -49.635429452999972, -29.253741046999949 ], [ -49.614822852999964, -29.191478443999983 ], [ -49.516549075999933, -29.112332369999933 ], [ -49.435968972999945, -29.001657206999937 ], [ -49.368698214999938, -28.970382775999951 ], [ -49.25062240799997, -28.805270743999984 ], [ -48.954800757999976, -28.709575885999982 ], [ -48.880656467999984, -28.634435771999961 ], [ -48.834905140999979, -28.622072379999963 ], [ -48.81856843199995, -28.446232451999947 ], [ -48.773078633999944, -28.410728412999958 ], [ -48.762163971999939, -28.332610722999959 ], [ -48.735349761999942, -28.295151820999934 ], [ -48.726957726999956, -28.246129310999947 ], [ -48.694328217999953, -28.220409956999958 ], [ -48.707711, -28.121673987999941 ], [ -48.657424481999954, -28.083390734999966 ], [ -48.682433527999933, -27.983750649999934 ], [ -48.638169337999955, -27.965721912999982 ], [ -48.625829825999972, -27.895400513999959 ], [ -48.558392387999959, -27.864096411999981 ], [ -48.571547936999934, -27.778788132999978 ], [ -48.485869143999935, -27.627577984999959 ], [ -48.465576915999975, -27.545702699999936 ], [ -48.420553843999983, -27.497557938999933 ], [ -48.448921595999934, -27.45633162699994 ], [ -48.570145968999952, -27.420376781999948 ], [ -48.577003841999954, -27.313677558999927 ], [ -48.611994080999978, -27.230421258999968 ], [ -48.598022353999966, -27.173667609999939 ], [ -48.629372729999943, -27.149426605999963 ], [ -48.638074751999966, -27.084947991999968 ], [ -48.682565489999945, -27.067100545999949 ], [ -48.674405309999941, -26.877559378999933 ], [ -48.698422008999955, -26.838036744999954 ], [ -48.744543452999949, -26.826937348999934 ], [ -48.767326629999957, -26.801758201999974 ], [ -48.759501666999938, -26.625524261999942 ], [ -48.655846736999933, -26.523527965999961 ], [ -48.634364408999943, -26.443992514999934 ], [ -48.646155502999932, -26.391202695999937 ], [ -48.579422873999931, -26.303339611999945 ], [ -48.573595627999964, -26.264432652999972 ], [ -48.57967642899996, -26.225848615999951 ], [ -48.625512332999961, -26.196633837999968 ], [ -48.640628719999938, -26.157664891999957 ], [ -48.686586327999976, -26.141128385999934 ], [ -48.700586939999937, -26.080402696999954 ], [ -48.757834988999946, -26.049202942999955 ], [ -49.049910933999968, -26.051580175999959 ], [ -49.130031694999957, -26.099670533999983 ], [ -49.176057177999951, -26.053530183999953 ], [ -49.237556118999976, -26.044372338999949 ], [ -49.331744534999984, -26.142409264999969 ], [ -49.40883785799997, -26.160604975999945 ], [ -49.443594060999942, -26.19255439799997 ], [ -49.525955232999934, -26.213193199999978 ], [ -49.570649725999942, -26.249098057999959 ], [ -49.681505719999961, -26.259558881999965 ], [ -49.829747085999941, -26.19079273899996 ], [ -49.929546930999948, -26.105814643999963 ], [ -50.171956987999977, -26.092489647999969 ], [ -50.241965852999954, -26.132477308999967 ], [ -50.344030276999945, -26.096303520999982 ], [ -50.424467332999939, -26.150840351999932 ], [ -50.475581486999943, -26.106285740999965 ], [ -50.630418763999955, -26.100175548999971 ], [ -50.708174759999963, -26.161857786999974 ], [ -50.755932667999957, -26.245239476999927 ], [ -50.862688952999974, -26.272260304999975 ], [ -50.913355235999973, -26.307082280999964 ], [ -50.981466864999959, -26.305900564999945 ], [ -51.039009021999959, -26.27565634399997 ], [ -51.101873836999971, -26.336925583999971 ], [ -51.17865364499994, -26.325620206999929 ], [ -51.220077281999977, -26.33938074699995 ], [ -51.323507685999971, -26.44932304699995 ], [ -51.321781450999936, -26.490936770999951 ], [ -51.288476049999986, -26.51879243999997 ], [ -51.287450315999934, -26.634642184999962 ], [ -51.320605795999938, -26.667755801999931 ], [ -51.330101298999978, -26.718299309999963 ], [ -51.356134692999944, -26.727688348999948 ], [ -51.50645654799996, -26.725302209999938 ], [ -51.531071395999959, -26.661701328999982 ], [ -51.654241915999933, -26.648095001999934 ], [ -51.70384699899995, -26.602251322999962 ], [ -51.851778435999961, -26.638826706999964 ], [ -51.97075693499994, -26.638687578999964 ], [ -51.99950926799994, -26.609973349999962 ], [ -52.069820510999932, -26.595227247999958 ], [ -52.10380190799998, -26.562474486999974 ], [ -52.16865417799994, -26.544169229999966 ], [ -52.249860306999949, -26.49326575799995 ], [ -52.488897958999985, -26.475824551999949 ], [ -52.536612014999946, -26.435465872999941 ], [ -52.604177829999969, -26.442301694999969 ], [ -52.677510101999985, -26.428503291999959 ], [ -52.794431284999973, -26.376440387999935 ], [ -52.948255972999959, -26.423018776999982 ], [ -53.112527416999967, -26.433515768999939 ], [ -53.153539016999957, -26.390860065999959 ], [ -53.221634242999983, -26.368762122999954 ], [ -53.261865029999967, -26.33162178699996 ], [ -53.325161523999952, -26.321161871999948 ], [ -53.345881368999983, -26.281498102999933 ], [ -53.405839687999958, -26.279628102999936 ], [ -53.418660853999938, -26.316431759999944 ], [ -53.437442051999938, -26.325321246999977 ], [ -53.481676343999936, -26.321510613999976 ], [ -53.504237534999959, -26.297801586999981 ], [ -53.520881457999963, -26.337137356999961 ], [ -53.54369814599994, -26.29408103999998 ], [ -53.657770531813796, -26.294594592743099 ] ] ] } },
{ "type": "Feature", "properties": { "shapeName": "Rio Grande do Sul", "shapeISO": "BR-RS", "shapeID": "14911670B68448774564157", "shapeGroup": "BRA", "shapeType": "ADM1", "region": "South" }, "geometry": { "type": "Polygon", "coordinates": [ [ [ -49.76723162199994, -29.390970140999968 ], [ -49.83805779599993, -29.33497883299998 ], [ -50.006789774999959, -29.262641237999958 ], [ -50.15360067599994, -29.283631354999955 ], [ -50.194453050999982, -29.327412472999981 ], [ -50.226659102999974, -29.322811159999958 ], [ -50.234638486999984, -29.291043993999949 ], [ -50.218894887999966, -29.244836171999964 ], [ -50.061258652999982, -29.234227788999931 ], [ -50.054830061999951, -29.119825635999973 ], [ -50.001161132999982, -29.090547213999969 ], [ -50.018267267999931, -28.966216474999953 ], [ -49.999938821999933, -28.913940171999968 ], [ -49.996839640999951, -28.777647498999954 ], [ -49.904010773999971, -28.758525377999945 ], [ -49.87143829799993, -28.68328022999998 ], [ -49.771096804999956, -28.673692913999957 ], [ -49.76528424299994, -28.612431615999981 ], [ -49.793620370999975, -28.546392458999946 ], [ -49.966063169999984, -28.540491881999969 ], [ -50.030197068999939, -28.490704310999945 ], [ -50.10538435199993, -28.49491412499998 ], [ -50.123802136999984, -28.536770438999952 ], [ -50.145319334999954, -28.542380156999968 ], [ -50.166827772999966, -28.536785872999928 ], [ -50.179088715999967, -28.50047511899993 ], [ -50.199865674999955, -28.491498375999981 ], [ -50.593580269999961, -28.487571661999937 ], [ -50.617511716999957, -28.416929572999948 ], [ -50.700022653999952, -28.386867495999979 ], [ -50.733844551999937, -28.313143087999947 ], [ -50.88866068699997, -28.196265963999963 ], [ -50.904256614999952, -28.154206705999968 ], [ -50.950713783999959, -28.138187645999949 ], [ -50.961972048999939, -28.015764597999976 ], [ -51.002306960999931, -28.004859401999965 ], [ -51.028858336999974, -27.977790833999961 ], [ -51.124241118999976, -27.969511187999956 ], [ -51.137445930999945, -27.860477510999942 ], [ -51.217368700999941, -27.850267844999962 ], [ -51.243479423999986, -27.805296079999948 ], [ -51.334925186999953, -27.798980900999936 ], [ -51.393879648999985, -27.698805902999936 ], [ -51.474927952999963, -27.67563292799997 ], [ -51.524801305999972, -27.618254198999978 ], [ -51.607822839999983, -27.608517902999949 ], [ -51.633716505999985, -27.563143152999942 ], [ -51.779220510999949, -27.558499452999968 ], [ -51.802000326999973, -27.514713238999946 ], [ -51.823511073999953, -27.509067334999941 ], [ -51.845031240999958, -27.514733502999945 ], [ -51.867859103999933, -27.558720426999969 ], [ -51.959653664999962, -27.557649009999977 ], [ -51.995957425999961, -27.410968372999946 ], [ -52.155586376999963, -27.339245448999975 ], [ -52.212723384999947, -27.331430431999934 ], [ -52.23431200999994, -27.287490638999941 ], [ -52.325468328999932, -27.285851504999982 ], [ -52.351420708999967, -27.331958776999954 ], [ -52.402263354999945, -27.336898527999949 ], [ -52.450415310999972, -27.329578679999941 ], [ -52.477505268999948, -27.284926582999958 ], [ -52.666802105999977, -27.284228991999953 ], [ -52.687371310999936, -27.293287969999938 ], [ -52.699643368999944, -27.330021489999979 ], [ -52.730898474999947, -27.334957352999936 ], [ -52.764948574999949, -27.286590763999982 ], [ -52.84167492399996, -27.256178688999967 ], [ -52.995873005999954, -27.245585097999935 ], [ -53.016492294999978, -27.227817656999946 ], [ -53.015427059999979, -27.200241436999931 ], [ -53.105884616999958, -27.194188252999936 ], [ -53.136216573999945, -27.164527943999929 ], [ -53.168701126999963, -27.16605051199997 ], [ -53.199802525999985, -27.195695515999944 ], [ -53.287468044999969, -27.193720660999929 ], [ -53.391282819999958, -27.109770615999935 ], [ -53.433670576999987, -27.170751782999957 ], [ -53.486292354999932, -27.195213955999975 ], [ -53.739805472999933, -27.196261306999929 ], [ -53.800319496999975, -27.16300210199995 ], [ -53.898839819999978, -27.195160539999961 ], [ -54.008366998999975, -27.200809901999946 ], [ -54.032725441999958, -27.249635780999938 ], [ -54.058883910999953, -27.26425945799997 ], [ -54.10174479899996, -27.264052486999958 ], [ -54.143113670999981, -27.235386712999968 ], [ -54.146692716999951, -27.259674326999971 ], [ -54.190885, -27.27783315399995 ], [ -54.200460001999943, -27.367222843999969 ], [ -54.265108750999957, -27.41190850199996 ], [ -54.287493813999959, -27.455249498999933 ], [ -54.339442989999952, -27.453521709999961 ], [ -54.357841630999985, -27.429182544999946 ], [ -54.417534569999987, -27.417876405999948 ], [ -54.44388982199996, -27.389926193999941 ], [ -54.53536543599995, -27.391124177999927 ], [ -54.550206873999969, -27.464900709999938 ], [ -54.616047562999938, -27.481156823999981 ], [ -54.634254133999946, -27.52237355699998 ], [ -54.831914611999935, -27.532001800999979 ], [ -54.84123088399997, -27.616602210999929 ], [ -54.892233526999973, -27.639602984999954 ], [ -54.903859623999949, -27.72758714899993 ], [ -54.967511146999982, -27.740334453999935 ], [ -54.982369290999941, -27.778978912999946 ], [ -55.095323159999964, -27.862562727999943 ], [ -55.144996615999958, -27.886718593999944 ], [ -55.218693216999952, -27.89359484199997 ], [ -55.23888648999997, -27.918830656999944 ], [ -55.374938946999976, -27.979020294999941 ], [ -55.389670837999972, -28.052765826999973 ], [ -55.452555376999953, -28.06555278999997 ], [ -55.477106847999949, -28.100609281999937 ], [ -55.492469075999963, -28.178710140999954 ], [ -55.516403628999967, -28.173670019999975 ], [ -55.548072667999975, -28.083562609999944 ], [ -55.592659078999986, -28.083816156999944 ], [ -55.586028629999987, -28.210453227999949 ], [ -55.702273133999938, -28.218087497999932 ], [ -55.752536900999985, -28.244385928999975 ], [ -55.731312620999972, -28.293809123999949 ], [ -55.703775515999951, -28.309419516999981 ], [ -55.704658517999974, -28.34896471199994 ], [ -55.885622824999984, -28.359547813999939 ], [ -55.876039195999965, -28.466901419999942 ], [ -55.906126975999939, -28.486879803999955 ], [ -55.985250421999979, -28.499305426999967 ], [ -55.99689888499995, -28.608821024999941 ], [ -56.082366293999939, -28.664663769999947 ], [ -56.172241355999972, -28.776111129999947 ], [ -56.258451897999976, -28.790339981999978 ], [ -56.269356197999969, -28.947404613999936 ], [ -56.373373757999957, -28.958788039999945 ], [ -56.382983111999977, -29.054970453999942 ], [ -56.424274428999979, -29.101660936999963 ], [ -56.529190139999969, -29.11256710899994 ], [ -56.567438914999968, -29.175905047999947 ], [ -56.587876641999969, -29.277266763999933 ], [ -56.655607879999934, -29.337227690999953 ], [ -56.688227693999977, -29.337262136999982 ], [ -56.69918703999997, -29.423909064999975 ], [ -56.743420928999967, -29.436593826999967 ], [ -56.779209469999955, -29.469594553999968 ], [ -56.780504158999975, -29.492243858999984 ], [ -56.837918095999953, -29.521685792999961 ], [ -57.014040071999943, -29.722581297999966 ], [ -57.058551759999943, -29.747587148999969 ], [ -57.141402676999974, -29.763670998999942 ], [ -57.187618015999931, -29.814471779999963 ], [ -57.225607579999973, -29.831112086999951 ], [ -57.248313139999937, -29.992333630999951 ], [ -57.339559723999969, -30.014573355999971 ], [ -57.373592693999967, -30.060689220999961 ], [ -57.448802054999987, -30.092905228999939 ], [ -57.470243066999956, -30.119474264999951 ], [ -57.46416581699998, -30.169626369999946 ], [ -57.488074236999978, -30.184579860999975 ], [ -57.49133892499998, -30.207766619999973 ], [ -57.437161238999977, -30.232952390999969 ], [ -57.405342953999934, -30.270261615999971 ], [ -57.371978564999949, -30.263189573999966 ], [ -57.236651524999957, -30.307383487999971 ], [ -57.20934058499995, -30.284758021999949 ], [ -57.13626953499994, -30.290710002999958 ], [ -57.110180399999933, -30.26423183299994 ], [ -57.070020841999963, -30.253367556999933 ], [ -57.056143241999962, -30.180759872999943 ], [ -56.96329372799994, -30.10617844899997 ], [ -56.857617668999978, -30.116367836999984 ], [ -56.837649488999944, -30.094561005999935 ], [ -56.806583070999977, -30.09210541899995 ], [ -56.77939349899998, -30.154460641999947 ], [ -56.662892775999978, -30.162444760999961 ], [ -56.642480915999954, -30.186982567999962 ], [ -56.599828832999947, -30.200786130999973 ], [ -56.587291221999976, -30.253235784999958 ], [ -56.520506189999935, -30.253382774999977 ], [ -56.490259585999979, -30.37131760699998 ], [ -56.428210927999942, -30.383594965999976 ], [ -56.367180443999985, -30.41696643299997 ], [ -56.352651201999947, -30.475841684999978 ], [ -56.277842420999946, -30.522336861999975 ], [ -56.233384542999943, -30.528479153999967 ], [ -56.086972870999944, -30.692293828999937 ], [ -56.021191275999968, -30.723782501999949 ], [ -55.980423704999964, -30.772023673999968 ], [ -55.970034755999961, -31.077333555999928 ], [ -55.948179560999961, -31.109583672999975 ], [ -55.887119727999959, -31.113150219999966 ], [ -55.826826131999951, -31.070275247999973 ], [ -55.761400091999974, -31.07722076899995 ], [ -55.725818063999952, -31.036287184999935 ], [ -55.66525164799998, -31.025415883999983 ], [ -55.643302357999971, -30.966746514999954 ], [ -55.434072513999979, -30.968298283999957 ], [ -55.416261669999983, -31.025226335999946 ], [ -55.373004470999945, -31.038322971999946 ], [ -55.354345084999977, -31.077502255999946 ], [ -55.291851275999932, -31.090825310999946 ], [ -55.281298981999953, -31.143559000999971 ], [ -55.235697209999955, -31.171245115999966 ], [ -55.197049146999973, -31.224239973999943 ], [ -55.182880981999972, -31.29321362099995 ], [ -55.083038557999942, -31.302822660999936 ], [ -55.061496165999984, -31.327604152999982 ], [ -55.021358186999976, -31.338860870999952 ], [ -55.006196021999983, -31.376134779999973 ], [ -54.933690396999964, -31.367267233999939 ], [ -54.906773673999965, -31.394479806999982 ], [ -54.829917842999976, -31.426585336999949 ], [ -54.670360721999941, -31.452541432999965 ], [ -54.579224008999972, -31.495290955999963 ], [ -54.573527765999984, -31.528755390999947 ], [ -54.474200572999962, -31.537573190999979 ], [ -54.386875458999953, -31.724951914999963 ], [ -54.337069588999952, -31.736503820999928 ], [ -54.286051635999968, -31.776081713999929 ], [ -54.239355631999956, -31.786150722999935 ], [ -54.126304941999933, -31.851130164999972 ], [ -54.103678483999943, -31.912606095999934 ], [ -53.999319704999948, -31.921381689999976 ], [ -53.964434731999972, -31.985169889999952 ], [ -53.913923042999954, -32.04009125999994 ], [ -53.870243922999975, -32.052834730999962 ], [ -53.853070369999955, -32.091370901999937 ], [ -53.789077830999986, -32.079995658999962 ], [ -53.753151765999974, -32.097759356999973 ], [ -53.709083913999962, -32.141482708999945 ], [ -53.719349020999971, -32.206538049999949 ], [ -53.691638801999943, -32.234938715999931 ], [ -53.684557624999968, -32.314926560999936 ], [ -53.652530062999972, -32.351319449999949 ], [ -53.64433272399998, -32.401309006999952 ], [ -53.573701231999962, -32.43722108999998 ], [ -53.579318759999978, -32.493470375999948 ], [ -53.485236224999937, -32.519609269999933 ], [ -53.403013342999941, -32.612860258999945 ], [ -53.301049624999962, -32.637618433999933 ], [ -53.249573455999951, -32.685440716999949 ], [ -53.166802159999975, -32.69455886399993 ], [ -53.12989661499995, -32.759089665999966 ], [ -53.126742468999964, -32.795046829999933 ], [ -53.173732518999941, -32.840103707999958 ], [ -53.228164841999956, -32.86595104099996 ], [ -53.271011900999952, -32.858418092999955 ], [ -53.290103795999983, -32.875034932999938 ], [ -53.26552604799997, -32.963053186999957 ], [ -53.342045288999941, -32.970520202999978 ], [ -53.387045606999948, -33.019839290999982 ], [ -53.467141577999939, -33.037276605999978 ], [ -53.488270643999954, -33.057146430999978 ], [ -53.509845051999946, -33.130272004999938 ], [ -53.49609084399998, -33.311373919999937 ], [ -53.511047, -33.366730897999958 ], [ -53.492426795999961, -33.417706450999958 ], [ -53.489954229999967, -33.640714027999934 ], [ -53.438551350999944, -33.677806855999961 ], [ -53.423810471999957, -33.730071298999974 ], [ -53.317397328999959, -33.733306138999978 ], [ -53.303038857999979, -33.725685320999958 ], [ -53.313432900999942, -33.69911842099998 ], [ -53.302979278999942, -33.681960669999967 ], [ -53.205011721999938, -33.647481116999984 ], [ -53.133206492999932, -33.592618646999938 ], [ -53.098399001999951, -33.54541973399995 ], [ -53.050502413999936, -33.532697317999975 ], [ -53.012027927999952, -33.473724874999959 ], [ -52.952483598999947, -33.467722488999982 ], [ -52.843652050999935, -33.362917619999962 ], [ -52.821477401999971, -33.348651986999982 ], [ -52.776835094999967, -33.353906215999984 ], [ -52.717256889999931, -33.289702791999957 ], [ -52.706477438999968, -33.237897971999928 ], [ -52.663628409999944, -33.208779505999928 ], [ -52.637307524999983, -33.129274198999951 ], [ -52.57253732099997, -33.081372707999947 ], [ -52.559729514999958, -33.050053090999938 ], [ -52.567595872999959, -33.020332466999946 ], [ -52.523548550999976, -32.994458895999969 ], [ -52.483305553999969, -32.929228462999959 ], [ -52.496271322999974, -32.858043037999948 ], [ -52.44036396599995, -32.775160005999965 ], [ -52.436077674999979, -32.60267442199995 ], [ -52.292208052999968, -32.309874186999934 ], [ -52.226513830999977, -32.270574945999954 ], [ -52.194264945999976, -32.231579232999934 ], [ -52.127532372999951, -32.220271518999937 ], [ -52.113007065999966, -32.203767331999984 ], [ -52.120072328999981, -32.150562757999978 ], [ -52.014999044999968, -32.074032148999947 ], [ -51.95945779699997, -32.00594665999995 ], [ -51.898752383999977, -31.990412446999983 ], [ -51.833863702999963, -31.914112812999974 ], [ -51.745929056999955, -31.89308591899993 ], [ -51.652970816999982, -31.820461271999932 ], [ -51.585858189999954, -31.806847688999937 ], [ -51.55759511499997, -31.774278849999973 ], [ -51.467964691999953, -31.759802354999977 ], [ -51.420546359999946, -31.704767907999951 ], [ -51.354939251999951, -31.677240350999966 ], [ -51.339287891999959, -31.639375151999957 ], [ -51.312397017999956, -31.640994902999978 ], [ -51.25187989899996, -31.574493046999976 ], [ -51.221612132999951, -31.487920002999942 ], [ -51.138471754999955, -31.474601291999932 ], [ -51.07758864799996, -31.44404624699996 ], [ -51.005785892999938, -31.368080266999982 ], [ -50.94343796499993, -31.329672327999958 ], [ -50.909266998999954, -31.25479870199996 ], [ -50.86344771399996, -31.24349088699995 ], [ -50.831086343999971, -31.215177035999943 ], [ -50.769563291999987, -31.069506445999934 ], [ -50.726714448999985, -31.057660987999952 ], [ -50.686316033999958, -31.023318487999973 ], [ -50.657128390999958, -30.957001389999959 ], [ -50.630799133999972, -30.941322368999977 ], [ -50.638383259999955, -30.914253701999939 ], [ -50.624496127999976, -30.884158240999966 ], [ -50.530170969999972, -30.789393169999983 ], [ -50.522708534999936, -30.709542618999933 ], [ -50.490528591999976, -30.684294179999938 ], [ -50.493516235999948, -30.638456014999974 ], [ -50.462756009999964, -30.571113322999963 ], [ -50.396995629999935, -30.543079069999976 ], [ -50.361805059999938, -30.472565904999954 ], [ -50.315378314999975, -30.469359162999979 ], [ -50.30898455099998, -30.348288944999979 ], [ -50.288555401999986, -30.255414849999966 ], [ -50.255215302999943, -30.227594047999958 ], [ -50.258327692999956, -30.168667914999958 ], [ -50.219256476999931, -30.149631303999968 ], [ -50.199607451999952, -30.090776338999945 ], [ -50.103557147999936, -29.976520833999928 ], [ -50.113659579999933, -29.883943995999971 ], [ -50.062381811999956, -29.86256887199994 ], [ -50.003095469999948, -29.761414899999977 ], [ -49.98251242799995, -29.704738401999975 ], [ -49.993489740999962, -29.655606304999935 ], [ -49.933446768999943, -29.618061165999961 ], [ -49.914473276999956, -29.552475399999935 ], [ -49.816777644999945, -29.433652257999938 ], [ -49.768370582999978, -29.420481929999937 ], [ -49.76723162199994, -29.390970140999968 ] ] ] } }
]
}
